row_id,gold,p_hate,p_offensive,p_normal
0,0,0.001278,0.000173,0.998549
1,1,0.738838,0.000423,0.260740
2,0,0.002594,0.000190,0.997216
3,0,0.001275,0.000176,0.998549
4,1,0.738838,0.000423,0.260740
5,0,0.003906,0.000174,0.995921
6,1,0.998074,0.000740,0.001185
7,1,0.996322,0.000422,0.003256
8,1,0.961426,0.000260,0.038313
9,0,0.003311,0.000175,0.996514
10,1,0.972975,0.000516,0.026509
11,1,0.868119,0.000330,0.131551
12,1,0.401857,0.000379,0.597764
13,1,0.995382,0.000299,0.004320
14,0,0.000972,0.000210,0.998818
15,1,0.590188,0.000395,0.409416
16,0,0.002600,0.000182,0.997218
17,0,0.008945,0.000305,0.990750
18,0,0.004222,0.000177,0.995601
19,0,0.001581,0.000199,0.998221
20,1,0.996836,0.000287,0.002877
21,1,0.996526,0.000276,0.003198
22,0,0.003035,0.000155,0.996811
23,0,0.003021,0.000176,0.996803
24,0,0.012302,0.000169,0.987529
25,0,0.520015,0.000421,0.479563
26,1,0.968484,0.001543,0.029973
27,0,0.003061,0.000236,0.996704
28,0,0.006096,0.000192,0.993712
29,0,0.711254,0.000283,0.288464
30,0,0.377294,0.000349,0.622357
31,0,0.990478,0.000227,0.009295
32,0,0.406763,0.000579,0.592658
33,1,0.985620,0.000242,0.014139
34,0,0.008083,0.000177,0.991741
35,0,0.001499,0.000248,0.998252
36,1,0.284532,0.000259,0.715209
37,1,0.941682,0.000340,0.057978
38,0,0.074662,0.000236,0.925103
39,1,0.995977,0.000305,0.003717
40,0,0.003249,0.000162,0.996589
41,1,0.996380,0.002193,0.001428
42,0,0.003449,0.000180,0.996372
43,0,0.012962,0.000190,0.986849
44,1,0.977310,0.000226,0.022464
45,1,0.070288,0.000191,0.929521
46,1,0.213517,0.000299,0.786184
47,0,0.027494,0.000144,0.972362
48,1,0.990540,0.000870,0.008589
49,0,0.543742,0.000445,0.455813
50,1,0.457889,0.000284,0.541828
51,1,0.809395,0.000368,0.190237
52,0,0.005080,0.000167,0.994753
53,0,0.001196,0.000264,0.998540
54,0,0.016970,0.000165,0.982865
55,0,0.069092,0.000188,0.930720
56,1,0.005469,0.000190,0.994341
57,1,0.128083,0.000253,0.871664
58,0,0.001772,0.000196,0.998032
59,0,0.003045,0.000174,0.996780
60,0,0.018669,0.000187,0.981144
61,0,0.003623,0.000223,0.996154
62,1,0.864408,0.000731,0.134861
63,1,0.808477,0.153306,0.038217
64,0,0.086845,0.000254,0.912902
65,0,0.007104,0.000205,0.992692
66,0,0.017774,0.000154,0.982072
67,1,0.939021,0.000272,0.060706
68,1,0.008645,0.000183,0.991172
69,0,0.009275,0.000301,0.990424
70,1,0.275127,0.000376,0.724497
71,1,0.720766,0.000382,0.278852
72,1,0.913462,0.000313,0.086224
73,1,0.991622,0.000215,0.008163
74,0,0.309282,0.000371,0.690346
75,1,0.808517,0.000314,0.191170
76,0,0.006933,0.000148,0.992920
77,0,0.002576,0.000197,0.997228
78,0,0.003010,0.000155,0.996835
79,1,0.963026,0.000262,0.036711
80,1,0.979400,0.000471,0.020129
81,0,0.003789,0.000179,0.996032
82,1,0.185183,0.000391,0.814426
83,1,0.011529,0.000153,0.988319
84,0,0.591280,0.000324,0.408396
85,1,0.437379,0.000405,0.562215
86,1,0.880544,0.000326,0.119131
87,1,0.959911,0.023651,0.016438
88,0,0.001147,0.000279,0.998574
89,0,0.018692,0.000193,0.981115
90,1,0.996459,0.000576,0.002965
91,1,0.992347,0.001421,0.006231
92,0,0.046934,0.000479,0.952587
93,0,0.003942,0.000199,0.995859
94,0,0.977264,0.000224,0.022513
95,1,0.997464,0.001111,0.001425
96,1,0.996014,0.000262,0.003724
97,1,0.989960,0.000369,0.009671
98,0,0.006580,0.000276,0.993144
99,1,0.145516,0.000240,0.854244
100,0,0.007829,0.000190,0.991981
101,0,0.038531,0.000169,0.961300
102,1,0.680319,0.000444,0.319237
103,0,0.009051,0.000159,0.990790
104,1,0.113617,0.000199,0.886184
105,1,0.801924,0.000280,0.197796
106,1,0.995051,0.000401,0.004547
107,0,0.001705,0.000194,0.998101
108,0,0.000877,0.000222,0.998900
109,0,0.001678,0.000173,0.998149
110,1,0.996027,0.001514,0.002458
111,0,0.003254,0.000197,0.996549
112,1,0.790775,0.001071,0.208153
113,0,0.997256,0.000345,0.002399
114,0,0.002366,0.000193,0.997441
115,1,0.992923,0.001226,0.005851
116,0,0.001311,0.000221,0.998468
117,1,0.969034,0.000517,0.030449
118,0,0.007235,0.000165,0.992600
119,1,0.420601,0.000637,0.578762
120,0,0.025149,0.001242,0.973609
121,1,0.988373,0.001017,0.010610
122,1,0.996992,0.001469,0.001540
123,1,0.966377,0.000295,0.033328
124,1,0.968248,0.000204,0.031548
125,1,0.004899,0.000191,0.994910
126,0,0.005231,0.000177,0.994592
127,0,0.006479,0.000247,0.993274
128,0,0.005195,0.000174,0.994631
129,1,0.255657,0.000261,0.744082
130,1,0.732074,0.000369,0.267557
131,0,0.029810,0.000155,0.970035
132,1,0.061279,0.000173,0.938548
133,1,0.991731,0.005647,0.002622
134,0,0.794418,0.000353,0.205229
135,1,0.638522,0.000568,0.360910
136,1,0.654515,0.000360,0.345125
137,0,0.001018,0.000243,0.998738
138,1,0.997467,0.000516,0.002017
139,1,0.855544,0.000357,0.144098
140,1,0.969568,0.001830,0.028602
141,0,0.942128,0.000251,0.057622
142,1,0.954656,0.001055,0.044290
143,1,0.961718,0.000288,0.037993
144,0,0.061495,0.000238,0.938267
145,0,0.005491,0.000165,0.994344
146,1,0.043312,0.000181,0.956507
147,0,0.004698,0.000164,0.995138
148,1,0.061664,0.000210,0.938126
149,0,0.185893,0.000273,0.813834
150,1,0.995052,0.000464,0.004483
151,1,0.665013,0.000291,0.334696
152,1,0.754817,0.000616,0.244567
153,1,0.979187,0.000399,0.020414
154,1,0.994743,0.000307,0.004950
155,1,0.177712,0.000251,0.822037
156,1,0.084665,0.000172,0.915162
157,1,0.808043,0.000484,0.191473
158,1,0.010193,0.000169,0.989638
159,1,0.043064,0.000208,0.956728
160,1,0.771749,0.000260,0.227991
161,1,0.940223,0.000208,0.059569
162,0,0.387521,0.000269,0.612210
163,1,0.991370,0.000645,0.007985
164,1,0.720884,0.000338,0.278778
165,1,0.901189,0.000459,0.098352
166,1,0.996996,0.000298,0.002706
167,0,0.391267,0.000480,0.608253
168,1,0.600780,0.000373,0.398847
169,0,0.002536,0.000173,0.997291
170,0,0.001815,0.000197,0.997988
171,1,0.969455,0.000957,0.029588
172,1,0.159547,0.000307,0.840146
173,1,0.967759,0.000209,0.032031
174,0,0.044829,0.000201,0.954970
175,0,0.672556,0.000512,0.326932
176,1,0.984052,0.000508,0.015440
177,1,0.768967,0.000505,0.230528
178,0,0.299296,0.000235,0.700469
179,1,0.930456,0.000227,0.069317
180,1,0.942071,0.000524,0.057404
181,0,0.002368,0.000179,0.997453
182,1,0.038986,0.000167,0.960847
183,1,0.841316,0.000326,0.158358
184,0,0.031420,0.000270,0.968311
185,1,0.020815,0.000258,0.978927
186,1,0.952491,0.000288,0.047221
187,1,0.514088,0.000340,0.485572
188,1,0.766892,0.000711,0.232397
189,0,0.004303,0.000234,0.995463
190,0,0.001111,0.000206,0.998683
191,0,0.002279,0.000178,0.997543
192,0,0.996353,0.000308,0.003338
193,0,0.178626,0.000269,0.821105
194,0,0.379501,0.000347,0.620152
195,0,0.027983,0.000170,0.971847
196,1,0.895397,0.000885,0.103718
197,1,0.990224,0.000257,0.009519
198,1,0.997444,0.000969,0.001587
199,0,0.002101,0.000261,0.997637
200,0,0.012067,0.000187,0.987746
201,0,0.008564,0.000208,0.991228
202,0,0.020059,0.000227,0.979714
203,1,0.627562,0.000316,0.372122
204,1,0.992128,0.000211,0.007661
205,1,0.996023,0.000337,0.003639
206,1,0.380080,0.000268,0.619651
207,1,0.997296,0.000379,0.002324
208,0,0.856494,0.000640,0.142866
209,0,0.014029,0.000148,0.985823
210,0,0.225345,0.000364,0.774290
211,1,0.747356,0.000399,0.252246
212,0,0.660596,0.000475,0.338929
213,1,0.987435,0.000242,0.012323
214,1,0.997656,0.000499,0.001845
215,1,0.472041,0.000453,0.527506
216,1,0.046199,0.000194,0.953607
217,1,0.200873,0.000597,0.798530
218,1,0.992049,0.000289,0.007662
219,1,0.073616,0.000263,0.926122
220,0,0.000980,0.000263,0.998757
221,1,0.016377,0.000185,0.983438
222,1,0.930384,0.000245,0.069371
223,1,0.378129,0.000483,0.621388
224,1,0.906952,0.000389,0.092659
225,1,0.323474,0.000384,0.676141
226,1,0.952541,0.005219,0.042240
227,0,0.001112,0.000220,0.998667
228,0,0.005052,0.000192,0.994755
229,0,0.014779,0.000317,0.984904
230,1,0.547100,0.000336,0.452564
231,1,0.860568,0.000475,0.138956
232,1,0.996530,0.000631,0.002839
233,1,0.070932,0.000196,0.928873
234,1,0.434994,0.000277,0.564729
235,0,0.238476,0.000301,0.761223
236,1,0.994718,0.000392,0.004890
237,1,0.826208,0.000487,0.173305
238,0,0.001880,0.000218,0.997902
239,1,0.265670,0.000254,0.734076
240,1,0.293571,0.000236,0.706193
241,1,0.998173,0.000661,0.001167
242,1,0.675739,0.000374,0.323887
243,1,0.928074,0.000256,0.071671
244,0,0.005540,0.000219,0.994241
245,0,0.003104,0.000164,0.996731
246,1,0.995558,0.000632,0.003810
247,0,0.423022,0.000341,0.576637
248,0,0.005440,0.000217,0.994343
249,1,0.982461,0.000280,0.017259
250,0,0.005365,0.000163,0.994471
251,0,0.005874,0.000166,0.993960
252,1,0.831089,0.000321,0.168591
253,1,0.002461,0.000274,0.997264
254,1,0.739285,0.000286,0.260429
255,1,0.667875,0.000736,0.331389
256,1,0.987721,0.000432,0.011847
257,1,0.657642,0.000480,0.341878
258,1,0.984115,0.000267,0.015618
259,1,0.993961,0.000371,0.005669
260,0,0.005525,0.000176,0.994299
261,0,0.699470,0.000288,0.300242
262,1,0.957583,0.000226,0.042191
263,1,0.998112,0.000531,0.001358
264,0,0.412571,0.000341,0.587088
265,0,0.002233,0.000186,0.997581
266,1,0.879781,0.102115,0.018104
267,1,0.997229,0.000668,0.002103
268,1,0.994364,0.000458,0.005179
269,0,0.002519,0.000201,0.997280
270,1,0.972964,0.000335,0.026701
271,0,0.001755,0.000230,0.998016
272,0,0.027397,0.000156,0.972447
273,1,0.124436,0.000179,0.875385
274,1,0.958246,0.000249,0.041505
275,1,0.986063,0.000341,0.013597
276,1,0.417739,0.000297,0.581964
277,1,0.997813,0.000385,0.001802
278,1,0.003500,0.000156,0.996344
279,1,0.511082,0.000448,0.488471
280,0,0.985501,0.000226,0.014272
281,1,0.470622,0.001227,0.528151
282,1,0.025893,0.000200,0.973907
283,1,0.224828,0.000320,0.774852
284,0,0.001015,0.000193,0.998792
285,1,0.921675,0.000820,0.077505
286,0,0.001185,0.000209,0.998605
287,0,0.002317,0.000194,0.997489
288,0,0.002028,0.000163,0.997810
289,0,0.001829,0.000173,0.997998
290,0,0.002972,0.000176,0.996852
291,0,0.013966,0.000177,0.985857
292,0,0.667682,0.000334,0.331984
293,1,0.367494,0.000319,0.632187
294,0,0.002610,0.000155,0.997235
295,1,0.118225,0.000199,0.881575
296,0,0.282505,0.000461,0.717033
297,0,0.001472,0.000257,0.998270
298,0,0.113652,0.000245,0.886103
299,1,0.890708,0.000307,0.108985
300,1,0.037013,0.000196,0.962791
301,1,0.154254,0.000220,0.845527
302,1,0.993396,0.000256,0.006348
303,1,0.423531,0.000295,0.576174
304,0,0.001896,0.000163,0.997941
305,0,0.096683,0.000257,0.903060
306,1,0.875853,0.000366,0.123781
307,0,0.001308,0.000234,0.998458
308,0,0.163797,0.000322,0.835881
309,1,0.326435,0.000603,0.672962
310,0,0.001756,0.000169,0.998075
311,0,0.000969,0.000377,0.998654
312,1,0.948359,0.000362,0.051279
313,0,0.003474,0.000202,0.996323
314,1,0.870418,0.000440,0.129142
315,1,0.995333,0.001285,0.003383
316,1,0.702170,0.000366,0.297464
317,1,0.014904,0.000145,0.984951
318,1,0.887805,0.000262,0.111933
319,1,0.955252,0.000408,0.044340
320,1,0.997591,0.000339,0.002071
321,1,0.941378,0.000264,0.058359
322,1,0.918147,0.000458,0.081395
323,1,0.684745,0.000369,0.314886
324,0,0.697100,0.000325,0.302575
325,0,0.989735,0.000290,0.009975
326,1,0.777549,0.000367,0.222084
327,1,0.506660,0.000391,0.492950
328,1,0.993914,0.001849,0.004237
329,1,0.469381,0.000289,0.530330
330,1,0.069565,0.000342,0.930093
331,1,0.004102,0.000228,0.995670
332,1,0.997428,0.000518,0.002054
333,0,0.262666,0.000486,0.736848
334,1,0.715260,0.000319,0.284421
335,0,0.089686,0.000309,0.910005
336,0,0.059316,0.000240,0.940445
337,0,0.003997,0.000186,0.995817
338,1,0.615324,0.000582,0.384094
339,0,0.001254,0.000198,0.998548
340,0,0.104176,0.000296,0.895528
341,0,0.740818,0.000529,0.258653
342,0,0.917410,0.000434,0.082157
343,0,0.001297,0.000247,0.998455
344,1,0.991530,0.000362,0.008108
345,1,0.998100,0.000457,0.001443
346,1,0.996435,0.000490,0.003074
347,1,0.227271,0.000228,0.772501
348,1,0.920489,0.000273,0.079237
349,1,0.935609,0.000343,0.064048
350,1,0.957760,0.000353,0.041887
351,0,0.273570,0.002278,0.724152
352,1,0.984146,0.000231,0.015622
353,1,0.949850,0.000311,0.049839
354,1,0.001771,0.000171,0.998058
355,1,0.981853,0.008654,0.009494
356,1,0.933605,0.000281,0.066114
357,0,0.102033,0.000256,0.897712
358,0,0.007710,0.000166,0.992124
359,1,0.969485,0.000480,0.030035
360,1,0.003561,0.000296,0.996143
361,1,0.997376,0.000384,0.002239
362,1,0.996834,0.000404,0.002763
363,1,0.997038,0.000279,0.002683
364,1,0.986452,0.000282,0.013266
365,0,0.001948,0.000193,0.997860
366,1,0.982556,0.000473,0.016970
367,0,0.930091,0.000374,0.069535
368,1,0.002450,0.000163,0.997387
369,0,0.209473,0.000386,0.790142
370,0,0.001076,0.000196,0.998728
371,1,0.658058,0.000382,0.341560
372,1,0.412709,0.001785,0.585506
373,1,0.982087,0.000281,0.017632
374,1,0.826273,0.000372,0.173356
375,0,0.074013,0.000236,0.925751
376,0,0.004807,0.000177,0.995016
377,0,0.782243,0.000312,0.217445
378,0,0.002409,0.000145,0.997446
379,0,0.631584,0.000354,0.368062
380,1,0.997488,0.000366,0.002145
381,0,0.007705,0.000163,0.992131
382,0,0.186477,0.000399,0.813125
383,1,0.993978,0.000238,0.005785
384,0,0.001196,0.000207,0.998597
385,1,0.007180,0.000173,0.992647
386,0,0.002286,0.000208,0.997506
387,1,0.996085,0.001757,0.002159
388,1,0.998006,0.000635,0.001359
389,1,0.003211,0.000174,0.996615
390,0,0.006511,0.000213,0.993276
391,0,0.003408,0.000191,0.996402
392,1,0.051363,0.000168,0.948469
393,1,0.981516,0.000226,0.018258
394,0,0.001764,0.000155,0.998081
395,1,0.784142,0.001733,0.214124
396,0,0.966308,0.000226,0.033466
397,1,0.981845,0.000241,0.017914
398,1,0.860617,0.000312,0.139072
399,0,0.958681,0.000305,0.041014
400,0,0.071765,0.000264,0.927972
401,1,0.926410,0.000280,0.073309
402,1,0.980589,0.000193,0.019218
403,0,0.373928,0.000407,0.625664
404,1,0.873484,0.006154,0.120362
405,1,0.993582,0.000318,0.006099
406,0,0.866689,0.000484,0.132828
407,1,0.996926,0.000284,0.002790
408,1,0.984732,0.000815,0.014453
409,1,0.988182,0.000217,0.011601
410,1,0.994122,0.000405,0.005473
411,0,0.003927,0.000173,0.995900
412,1,0.996811,0.000285,0.002904
413,1,0.997564,0.000424,0.002012
414,0,0.110550,0.000222,0.889227
415,1,0.971901,0.022860,0.005238
416,1,0.907399,0.000275,0.092326
417,0,0.757678,0.000525,0.241796
418,1,0.003997,0.000200,0.995804
419,1,0.988517,0.000213,0.011271
420,1,0.997505,0.000563,0.001933
421,1,0.044790,0.000195,0.955014
422,1,0.992404,0.000289,0.007308
423,1,0.115409,0.000242,0.884350
424,0,0.037439,0.000221,0.962340
425,1,0.971223,0.000449,0.028328
426,1,0.546711,0.000384,0.452904
427,1,0.964392,0.000285,0.035323
428,1,0.030877,0.000363,0.968760
429,1,0.911160,0.000351,0.088489
430,1,0.578203,0.000409,0.421387
431,1,0.994340,0.000585,0.005076
432,1,0.993130,0.000313,0.006557
433,1,0.991912,0.003464,0.004623
434,1,0.997408,0.001058,0.001534
435,1,0.997522,0.000796,0.001682
436,1,0.997478,0.000326,0.002196
437,1,0.990576,0.000259,0.009164
438,1,0.992572,0.001241,0.006187
439,1,0.961552,0.000350,0.038098
440,1,0.981120,0.000231,0.018649
441,1,0.028637,0.000149,0.971214
442,0,0.004118,0.000166,0.995716
443,0,0.001459,0.000200,0.998341
444,1,0.992371,0.000491,0.007139
445,0,0.785764,0.000378,0.213858
446,0,0.027076,0.000216,0.972708
447,1,0.992736,0.001662,0.005601
448,1,0.735270,0.000346,0.264385
449,0,0.001385,0.000222,0.998393
450,1,0.996871,0.000294,0.002835
451,0,0.001554,0.000189,0.998257
452,1,0.838494,0.000275,0.161232
453,0,0.043039,0.000174,0.956787
454,0,0.005513,0.000148,0.994339
455,1,0.616764,0.001902,0.381334
456,0,0.437857,0.000376,0.561766
457,0,0.001075,0.000239,0.998686
458,0,0.001031,0.000333,0.998636
459,1,0.929613,0.059975,0.010412
460,1,0.200905,0.000380,0.798715
461,1,0.993459,0.000254,0.006286
462,1,0.229724,0.000259,0.770016
463,1,0.996715,0.001496,0.001788
464,0,0.007294,0.000188,0.992518
465,0,0.001908,0.000201,0.997890
466,0,0.028139,0.000187,0.971674
467,0,0.145941,0.000332,0.853727
468,1,0.424260,0.000343,0.575397
469,1,0.995850,0.000897,0.003253
470,1,0.996422,0.000278,0.003300
471,0,0.004745,0.000250,0.995005
472,0,0.001652,0.000192,0.998156
473,1,0.996678,0.001334,0.001988
474,1,0.043382,0.000184,0.956434
475,0,0.056693,0.000238,0.943070
476,1,0.995971,0.000526,0.003503
477,1,0.995219,0.000283,0.004498
478,1,0.980601,0.000284,0.019115
479,0,0.001898,0.000184,0.997918
480,1,0.998117,0.000596,0.001287
481,0,0.008073,0.000187,0.991740
482,1,0.507498,0.000532,0.491970
483,0,0.001584,0.000231,0.998185
484,0,0.035881,0.000191,0.963928
485,1,0.985273,0.000204,0.014523
486,1,0.931529,0.000782,0.067689
487,0,0.057452,0.000241,0.942307
488,0,0.069975,0.000190,0.929835
489,0,0.001312,0.000195,0.998492
490,0,0.370807,0.000405,0.628787
491,0,0.657000,0.000363,0.342638
492,0,0.004654,0.000172,0.995174
493,0,0.997100,0.000292,0.002607
494,1,0.994159,0.003306,0.002535
495,0,0.288602,0.000335,0.711063
496,0,0.002084,0.000229,0.997687
497,0,0.003435,0.000154,0.996411
498,1,0.799155,0.000471,0.200374
499,0,0.002370,0.000222,0.997408
500,1,0.942440,0.000229,0.057330
501,0,0.002820,0.000180,0.997000
502,1,0.921498,0.063110,0.015392
503,0,0.001633,0.000166,0.998201
504,1,0.714523,0.000609,0.284868
505,1,0.997420,0.000323,0.002257
506,1,0.049247,0.000238,0.950515
507,1,0.995466,0.001353,0.003181
508,0,0.002860,0.000157,0.996984
509,1,0.997043,0.000349,0.002608
510,0,0.001052,0.000259,0.998689
511,1,0.711570,0.001730,0.286700
512,1,0.040786,0.001742,0.957472
513,0,0.971567,0.000995,0.027438
514,0,0.012213,0.000175,0.987612
515,1,0.991719,0.000223,0.008057
516,1,0.728907,0.216795,0.054298
517,1,0.831474,0.000439,0.168087
518,1,0.768261,0.000390,0.231349
519,1,0.997628,0.000463,0.001909
520,0,0.005127,0.000157,0.994716
521,0,0.064654,0.000188,0.935158
522,1,0.971791,0.000201,0.028007
523,1,0.997670,0.000670,0.001661
524,1,0.997920,0.000458,0.001622
525,1,0.105746,0.000213,0.894041
526,0,0.355988,0.000299,0.643713
527,1,0.997549,0.001137,0.001314
528,0,0.934331,0.000347,0.065322
529,1,0.055920,0.000198,0.943882
530,0,0.022878,0.000172,0.976950
531,0,0.984307,0.000222,0.015471
532,0,0.014800,0.000175,0.985025
533,1,0.003098,0.000215,0.996687
534,0,0.002467,0.000184,0.997349
535,0,0.011580,0.000198,0.988222
536,1,0.966913,0.000626,0.032460
537,0,0.040005,0.000180,0.959815
538,0,0.906161,0.000336,0.093503
539,1,0.997578,0.000351,0.002071
540,0,0.004362,0.000211,0.995427
541,1,0.938024,0.000251,0.061725
542,1,0.005412,0.000181,0.994407
543,0,0.017154,0.000148,0.982698
544,0,0.025829,0.000179,0.973992
545,0,0.089450,0.000247,0.910304
546,0,0.317376,0.000296,0.682327
547,0,0.704412,0.000508,0.295080
548,0,0.001691,0.000191,0.998118
549,0,0.161099,0.000348,0.838554
550,0,0.003851,0.000138,0.996011
551,0,0.021551,0.000163,0.978286
552,0,0.086409,0.000204,0.913387
553,1,0.777138,0.000517,0.222345
554,1,0.998047,0.000698,0.001255
555,1,0.073057,0.000244,0.926700
556,1,0.377628,0.000429,0.621943
557,0,0.631117,0.000532,0.368351
558,1,0.613092,0.000459,0.386449
559,1,0.884392,0.000276,0.115332
560,0,0.002237,0.000178,0.997586
561,0,0.002067,0.000227,0.997706
562,0,0.022692,0.000197,0.977110
563,0,0.001743,0.000256,0.998002
564,0,0.000955,0.000260,0.998785
565,0,0.001012,0.000260,0.998728
566,0,0.011605,0.000177,0.988218
567,0,0.001421,0.000302,0.998276
568,0,0.564910,0.000381,0.434709
569,0,0.749672,0.000462,0.249865
570,0,0.001152,0.000527,0.998321
571,0,0.013103,0.000186,0.986712
572,0,0.006496,0.000168,0.993336
573,1,0.939688,0.000278,0.060033
574,1,0.059828,0.000216,0.939956
575,1,0.252680,0.000346,0.746974
576,1,0.947008,0.000278,0.052714
577,0,0.011377,0.000154,0.988469
578,0,0.726305,0.000292,0.273404
579,1,0.014559,0.000154,0.985287
580,0,0.056983,0.000258,0.942760
581,0,0.002806,0.000175,0.997019
582,0,0.038369,0.000234,0.961397
583,0,0.028375,0.000168,0.971457
584,0,0.001594,0.000283,0.998123
585,0,0.004488,0.000188,0.995325
586,0,0.003002,0.000170,0.996828
587,1,0.257461,0.000462,0.742076
588,1,0.992493,0.000366,0.007141
589,1,0.937277,0.000505,0.062218
590,1,0.664575,0.000552,0.334873
591,0,0.003197,0.000192,0.996611
592,1,0.276694,0.000294,0.723012
593,0,0.001852,0.000158,0.997991
594,1,0.904141,0.000217,0.095641
595,0,0.001136,0.000207,0.998657
596,1,0.996399,0.001284,0.002317
597,0,0.381134,0.000292,0.618574
598,1,0.002260,0.000441,0.997299
599,0,0.022842,0.000143,0.977015
600,0,0.358672,0.000483,0.640845
601,1,0.010162,0.000199,0.989638
602,0,0.005903,0.000153,0.993943
603,1,0.045039,0.000288,0.954673
604,1,0.071466,0.000469,0.928066
605,1,0.979136,0.007435,0.013428
606,1,0.996700,0.000294,0.003005
607,0,0.002045,0.000157,0.997799
608,0,0.400325,0.000618,0.599057
609,1,0.532814,0.000496,0.466690
610,1,0.804336,0.000347,0.195317
611,1,0.955345,0.000239,0.044416
612,1,0.997315,0.001580,0.001104
613,1,0.124936,0.000250,0.874814
614,1,0.770929,0.000267,0.228804
615,0,0.000852,0.000345,0.998803
616,0,0.001765,0.000257,0.997978
617,0,0.605713,0.000530,0.393757
618,0,0.025492,0.000212,0.974296
619,1,0.970588,0.023883,0.005529
620,1,0.973546,0.000246,0.026208
621,1,0.992938,0.000219,0.006843
622,0,0.212640,0.000309,0.787050
623,0,0.017724,0.000182,0.982094
624,0,0.002344,0.000191,0.997465
625,1,0.994699,0.000380,0.004922
626,0,0.009264,0.000194,0.990541
627,1,0.004029,0.000157,0.995814
628,1,0.971216,0.000266,0.028518
629,1,0.954792,0.000220,0.044987
630,0,0.001010,0.000205,0.998785
631,0,0.009826,0.000149,0.990026
632,1,0.988817,0.000214,0.010969
633,0,0.003265,0.000152,0.996582
634,0,0.070203,0.000286,0.929512
635,0,0.042478,0.000177,0.957345
636,0,0.004569,0.000267,0.995165
637,0,0.002632,0.000199,0.997170
638,1,0.997296,0.000468,0.002236
639,0,0.003247,0.000153,0.996600
640,0,0.022156,0.000159,0.977685
641,0,0.003241,0.000157,0.996602
642,0,0.001559,0.000594,0.997847
643,1,0.962429,0.000225,0.037346
644,0,0.016865,0.000174,0.982961
645,0,0.001655,0.000213,0.998132
646,1,0.501140,0.000517,0.498343
647,0,0.009880,0.000180,0.989940
648,1,0.997373,0.000380,0.002247
649,1,0.895233,0.000241,0.104526
650,0,0.002259,0.000191,0.997550
651,0,0.023358,0.000168,0.976473
652,1,0.075948,0.000204,0.923848
653,0,0.009090,0.000156,0.990754
654,0,0.012016,0.000262,0.987721
655,0,0.063212,0.000194,0.936594
656,0,0.079994,0.000365,0.919641
657,0,0.144001,0.000406,0.855593
658,0,0.007471,0.000156,0.992373
659,0,0.034664,0.000225,0.965111
660,1,0.995927,0.000496,0.003577
661,0,0.012769,0.000156,0.987075
662,0,0.002387,0.000169,0.997444
663,0,0.002397,0.000170,0.997433
664,0,0.001354,0.000231,0.998415
665,1,0.472773,0.000520,0.526707
666,1,0.992071,0.000453,0.007476
667,0,0.116290,0.000193,0.883517
668,0,0.070485,0.000272,0.929244
669,0,0.005417,0.000201,0.994382
670,0,0.000972,0.000288,0.998740
671,1,0.907240,0.000275,0.092485
672,1,0.851687,0.000256,0.148057
673,1,0.009599,0.000204,0.990197
674,0,0.003489,0.000164,0.996347
675,1,0.569254,0.000340,0.430406
676,0,0.007667,0.000196,0.992137
677,0,0.109494,0.000222,0.890284
678,1,0.954761,0.000204,0.045034
679,0,0.020424,0.000179,0.979397
680,1,0.990184,0.000207,0.009609
681,1,0.419607,0.000444,0.579949
682,1,0.279680,0.000348,0.719972
683,1,0.955567,0.000219,0.044214
684,1,0.113004,0.000190,0.886806
685,1,0.270013,0.000230,0.729757
686,1,0.204343,0.000317,0.795341
687,1,0.808336,0.007945,0.183719
688,0,0.046854,0.000190,0.952956
689,0,0.068394,0.000214,0.931392
690,1,0.399541,0.000319,0.600140
691,1,0.822870,0.000266,0.176864
692,1,0.129250,0.000332,0.870419
693,1,0.979425,0.000314,0.020261
694,1,0.758158,0.000497,0.241344
695,1,0.102274,0.000265,0.897461
696,1,0.996714,0.000336,0.002950
697,1,0.920641,0.000239,0.079120
698,1,0.080169,0.000455,0.919376
699,0,0.016444,0.000145,0.983411
700,1,0.849554,0.000364,0.150082
701,1,0.997063,0.000298,0.002639
702,1,0.474490,0.000448,0.525062
703,1,0.900048,0.000235,0.099718
704,1,0.056288,0.000340,0.943372
705,0,0.276681,0.000308,0.723011
706,0,0.003085,0.000237,0.996678
707,0,0.289205,0.000230,0.710565
708,1,0.994785,0.000235,0.004980
709,1,0.698315,0.000484,0.301202
710,1,0.069764,0.000271,0.929965
711,0,0.651094,0.000543,0.348364
712,0,0.069923,0.000302,0.929775
713,0,0.037808,0.000467,0.961725
714,0,0.732079,0.000471,0.267451
715,0,0.753420,0.000528,0.246052
716,1,0.990072,0.000294,0.009633
717,1,0.004237,0.024319,0.971444
718,1,0.997569,0.000422,0.002009
719,0,0.000945,0.000259,0.998796
720,1,0.992941,0.005219,0.001840
721,0,0.013486,0.000264,0.986250
722,1,0.972212,0.001763,0.026025
723,1,0.038136,0.000216,0.961647
724,1,0.996176,0.000263,0.003561
725,1,0.981703,0.000281,0.018016
726,1,0.686080,0.000424,0.313496
727,1,0.979170,0.000199,0.020630
728,1,0.745382,0.000343,0.254275
729,1,0.750902,0.000359,0.248739
730,1,0.998180,0.000510,0.001310
731,1,0.939520,0.000256,0.060224
732,0,0.452443,0.000309,0.547249
733,1,0.042487,0.000465,0.957048
734,0,0.003645,0.000170,0.996186
735,1,0.514041,0.000644,0.485315
736,0,0.985409,0.000580,0.014010
737,0,0.584061,0.000278,0.415661
738,1,0.997696,0.000529,0.001775
739,0,0.910201,0.000237,0.089561
740,1,0.996149,0.000274,0.003577
741,0,0.599254,0.000473,0.400273
742,0,0.026753,0.000176,0.973071
743,1,0.531666,0.000342,0.467992
744,1,0.426753,0.000333,0.572914
745,1,0.978035,0.000267,0.021697
746,0,0.212235,0.000318,0.787447
747,1,0.005216,0.000194,0.994591
748,1,0.033906,0.000194,0.965900
749,1,0.479116,0.000651,0.520233
750,1,0.447945,0.000454,0.551601
751,1,0.997802,0.000714,0.001483
752,1,0.685496,0.000346,0.314158
753,1,0.764221,0.202361,0.033418
754,1,0.015446,0.000179,0.984375
755,1,0.730117,0.000518,0.269365
756,1,0.191421,0.000256,0.808323
757,1,0.996559,0.000290,0.003151
758,0,0.043577,0.000291,0.956132
759,1,0.660714,0.000333,0.338953
760,0,0.017721,0.000164,0.982114
761,0,0.997891,0.000488,0.001622
762,0,0.001334,0.000180,0.998486
763,1,0.994240,0.000232,0.005528
764,1,0.455790,0.000443,0.543767
765,1,0.733176,0.221058,0.045766
766,0,0.002468,0.000186,0.997346
767,1,0.998206,0.000557,0.001237
768,1,0.005665,0.000185,0.994150
769,1,0.979783,0.000269,0.019948
770,1,0.997804,0.000921,0.001274
771,1,0.993464,0.000242,0.006293
772,1,0.958467,0.000220,0.041312
773,1,0.773652,0.000329,0.226019
774,1,0.180435,0.000326,0.819240
775,1,0.033293,0.000164,0.966543
776,1,0.981799,0.000255,0.017945
777,1,0.021146,0.000170,0.978684
778,0,0.669167,0.000487,0.330346
779,1,0.856505,0.000325,0.143170
780,1,0.990358,0.000215,0.009427
781,1,0.019419,0.000204,0.980376
782,1,0.588171,0.000302,0.411527
783,1,0.077009,0.317636,0.605356
784,1,0.940606,0.000323,0.059071
785,1,0.533747,0.000345,0.465908
786,0,0.603808,0.000392,0.395800
787,0,0.008785,0.000162,0.991053
788,0,0.009761,0.000199,0.990040
789,0,0.960663,0.000211,0.039126
790,1,0.981485,0.002828,0.015686
791,0,0.887663,0.000474,0.111862
792,1,0.997163,0.000384,0.002453
793,1,0.973502,0.000196,0.026302
794,0,0.072488,0.000223,0.927289
795,1,0.301303,0.000248,0.698449
796,0,0.002941,0.000174,0.996885
797,0,0.004652,0.000158,0.995190
798,1,0.986012,0.000991,0.012997
799,1,0.590732,0.002879,0.406389
800,0,0.005153,0.000174,0.994672
801,1,0.934491,0.001878,0.063631
802,0,0.971121,0.000238,0.028641
803,1,0.001906,0.000173,0.997921
804,1,0.437220,0.000379,0.562401
805,0,0.183814,0.000311,0.815875
806,0,0.563166,0.000423,0.436411
807,0,0.003006,0.000169,0.996825
808,0,0.001991,0.000276,0.997734
809,1,0.964435,0.001231,0.034334
810,0,0.017381,0.000178,0.982440
811,1,0.921521,0.000266,0.078213
812,1,0.920604,0.000255,0.079141
813,1,0.995207,0.000222,0.004570
814,1,0.973878,0.000203,0.025919
815,1,0.982015,0.000490,0.017495
816,1,0.993379,0.002158,0.004463
817,0,0.002799,0.000210,0.996991
818,0,0.247518,0.000482,0.751999
819,1,0.271539,0.000610,0.727851
820,0,0.082849,0.000189,0.916962
821,1,0.995974,0.000268,0.003759
822,0,0.001024,0.000268,0.998709
823,1,0.961355,0.000199,0.038446
824,1,0.997855,0.000382,0.001763
825,0,0.936139,0.000374,0.063487
826,0,0.000894,0.000220,0.998887
827,0,0.003146,0.000199,0.996655
828,1,0.515545,0.000481,0.483975
829,0,0.005002,0.000139,0.994859
830,1,0.996894,0.000308,0.002798
831,1,0.092621,0.000232,0.907147
832,0,0.264494,0.000417,0.735089
833,1,0.737322,0.000474,0.262204
834,1,0.984161,0.000229,0.015609
835,0,0.530651,0.000266,0.469083
836,0,0.684283,0.000310,0.315406
837,1,0.994551,0.001171,0.004278
838,0,0.001971,0.000177,0.997852
839,0,0.020397,0.000404,0.979199
840,0,0.008491,0.000156,0.991353
841,0,0.002589,0.000190,0.997221
842,1,0.851055,0.001568,0.147377
843,1,0.118518,0.000277,0.881204
844,1,0.989675,0.004507,0.005818
845,0,0.180711,0.000307,0.818983
846,0,0.002005,0.000186,0.997809
847,0,0.001140,0.000330,0.998531
848,1,0.593179,0.000304,0.406517
849,1,0.984686,0.000206,0.015108
850,1,0.994558,0.000250,0.005192
851,1,0.956723,0.000263,0.043014
852,1,0.106463,0.000258,0.893279
853,1,0.995976,0.000905,0.003119
854,0,0.000871,0.000723,0.998405
855,0,0.030661,0.000180,0.969160
856,1,0.914414,0.001196,0.084391
857,1,0.981870,0.000227,0.017904
858,1,0.837257,0.001339,0.161404
859,1,0.984545,0.003162,0.012293
860,1,0.208332,0.000303,0.791365
861,0,0.001851,0.000176,0.997972
862,1,0.768087,0.000372,0.231541
863,0,0.008290,0.000142,0.991568
864,0,0.010735,0.000237,0.989029
865,0,0.001903,0.000178,0.997918
866,0,0.006449,0.000161,0.993390
867,1,0.001437,0.000238,0.998326
868,1,0.996146,0.000282,0.003572
869,1,0.995882,0.000347,0.003771
870,1,0.764529,0.000340,0.235131
871,1,0.997133,0.000308,0.002559
872,0,0.233387,0.000284,0.766329
873,1,0.996552,0.000373,0.003076
874,1,0.994312,0.000293,0.005396
875,1,0.097750,0.000194,0.902057
876,0,0.002156,0.000202,0.997642
877,1,0.979314,0.000204,0.020482
878,1,0.042364,0.001465,0.956171
879,0,0.001176,0.000213,0.998611
880,1,0.039234,0.000214,0.960552
881,1,0.647004,0.000294,0.352703
882,0,0.005946,0.000229,0.993825
883,1,0.985972,0.000192,0.013836
884,0,0.001713,0.000202,0.998085
885,1,0.980647,0.000209,0.019144
886,0,0.007681,0.000173,0.992146
887,1,0.997565,0.000373,0.002062
888,1,0.056781,0.000296,0.942923
889,1,0.980930,0.000243,0.018827
890,0,0.252870,0.000424,0.746706
891,0,0.001656,0.000414,0.997930
892,0,0.001186,0.000222,0.998592
893,1,0.988459,0.000333,0.011208
894,1,0.204387,0.000299,0.795314
895,1,0.565512,0.000462,0.434026
896,1,0.975702,0.000302,0.023996
897,0,0.564184,0.000514,0.435302
898,0,0.004257,0.000156,0.995587
899,0,0.389097,0.000500,0.610403
900,1,0.972783,0.000438,0.026779
901,1,0.794548,0.000567,0.204884
902,1,0.760032,0.000281,0.239687
903,1,0.740144,0.227105,0.032751
904,0,0.461429,0.000309,0.538262
905,1,0.977900,0.000246,0.021855
906,1,0.573631,0.000622,0.425746
907,0,0.006530,0.000141,0.993330
908,0,0.009624,0.046403,0.943973
909,1,0.013115,0.000211,0.986674
910,0,0.289819,0.000465,0.709717
911,1,0.879737,0.000484,0.119779
912,0,0.004120,0.000183,0.995697
913,1,0.174939,0.000348,0.824713
914,1,0.169274,0.000494,0.830231
915,1,0.034109,0.000237,0.965653
916,0,0.036379,0.000217,0.963404
917,0,0.004252,0.000144,0.995604
918,1,0.989212,0.000251,0.010537
919,1,0.991571,0.000267,0.008162
920,1,0.960627,0.000221,0.039152
921,0,0.004070,0.000255,0.995675
922,0,0.003214,0.000192,0.996593
923,0,0.257990,0.000388,0.741622
924,0,0.091940,0.000230,0.907830
925,1,0.162842,0.000248,0.836910
926,1,0.071073,0.000167,0.928761
927,0,0.045947,0.000174,0.953879
928,1,0.985377,0.006942,0.007680
929,1,0.972324,0.000531,0.027145
930,0,0.343203,0.000317,0.656480
931,0,0.003885,0.000160,0.995955
932,0,0.002145,0.000177,0.997678
933,0,0.022444,0.000173,0.977383
934,0,0.031696,0.000172,0.968132
935,0,0.080064,0.000221,0.919715
936,0,0.666211,0.000451,0.333338
937,0,0.997542,0.000356,0.002103
938,1,0.392054,0.000315,0.607630
939,0,0.002566,0.000192,0.997241
940,0,0.441204,0.000336,0.558460
941,0,0.004701,0.000157,0.995142
942,0,0.585969,0.001088,0.412944
943,1,0.647916,0.000335,0.351749
944,1,0.229262,0.000240,0.770498
945,1,0.983951,0.000255,0.015793
946,1,0.699947,0.000576,0.299477
947,0,0.089875,0.000238,0.909887
948,0,0.001544,0.000185,0.998271
949,1,0.994556,0.002152,0.003292
950,1,0.712494,0.000345,0.287161
951,1,0.956936,0.000396,0.042667
952,1,0.944927,0.000383,0.054690
953,0,0.140063,0.000289,0.859648
954,1,0.596186,0.000496,0.403318
955,0,0.004085,0.000194,0.995721
956,1,0.918122,0.000274,0.081603
957,1,0.996742,0.000456,0.002802
958,1,0.920901,0.000241,0.078858
959,1,0.552362,0.002789,0.444849
960,1,0.341027,0.000378,0.658596
961,1,0.135521,0.000428,0.864052
962,1,0.993500,0.000394,0.006106
963,1,0.675114,0.000362,0.324524
964,0,0.003630,0.000190,0.996180
965,1,0.995793,0.000252,0.003954
966,0,0.362564,0.000296,0.637140
967,0,0.238921,0.001583,0.759496
968,1,0.023278,0.000182,0.976540
969,0,0.002922,0.000636,0.996442
970,1,0.998212,0.000487,0.001301
971,0,0.028491,0.000160,0.971349
972,1,0.997284,0.000360,0.002356
973,0,0.004022,0.000166,0.995812
974,1,0.921686,0.000576,0.077738
975,1,0.986789,0.000233,0.012978
976,0,0.001329,0.000218,0.998453
977,1,0.782981,0.000439,0.216580
978,1,0.546399,0.000469,0.453132
979,1,0.988997,0.000286,0.010717
980,0,0.058403,0.000254,0.941343
981,1,0.998050,0.000851,0.001099
982,1,0.853060,0.000513,0.146426
983,1,0.987215,0.000224,0.012561
984,0,0.022840,0.000183,0.976977
985,1,0.825753,0.000307,0.173939
986,0,0.028857,0.000205,0.970938
987,1,0.976412,0.000297,0.023291
988,0,0.008970,0.000279,0.990751
989,1,0.932715,0.000463,0.066822
990,1,0.237820,0.038808,0.723372
991,1,0.991181,0.000223,0.008596
992,1,0.007050,0.000141,0.992809
993,1,0.612735,0.000353,0.386912
994,0,0.902805,0.000237,0.096958
995,0,0.001287,0.000186,0.998527
996,0,0.603154,0.000637,0.396209
997,0,0.004842,0.000233,0.994925
998,0,0.001730,0.000214,0.998056
999,1,0.013674,0.000154,0.986172
1000,0,0.001201,0.000318,0.998481
1001,1,0.170182,0.000288,0.829530
1002,0,0.004306,0.000156,0.995538
1003,0,0.001317,0.000201,0.998483
1004,0,0.004304,0.000153,0.995543
1005,1,0.996114,0.002594,0.001293
1006,0,0.085586,0.000289,0.914125
1007,0,0.925358,0.000244,0.074399
1008,0,0.025938,0.000545,0.973517
1009,1,0.936407,0.000241,0.063351
1010,1,0.645444,0.000446,0.354110
1011,1,0.942648,0.000267,0.057085
1012,0,0.001057,0.000227,0.998716
1013,1,0.731219,0.000774,0.268006
1014,1,0.748144,0.000847,0.251008
1015,0,0.003011,0.000207,0.996782
1016,0,0.877322,0.000258,0.122420
1017,0,0.002407,0.000297,0.997296
1018,1,0.842833,0.000295,0.156872
1019,1,0.991553,0.000234,0.008213
1020,1,0.733052,0.000505,0.266442
1021,0,0.150369,0.000264,0.849366
1022,1,0.996735,0.000424,0.002841
1023,1,0.002869,0.000302,0.996829
1024,0,0.003387,0.000224,0.996389
1025,0,0.021217,0.000161,0.978622
1026,0,0.730332,0.000330,0.269338
1027,0,0.082582,0.000190,0.917228
1028,1,0.978614,0.000212,0.021174
1029,1,0.267218,0.000294,0.732487
1030,0,0.016976,0.000153,0.982872
1031,1,0.656989,0.000443,0.342568
1032,1,0.707148,0.000392,0.292461
1033,1,0.990826,0.000373,0.008800
1034,1,0.010619,0.066634,0.922747
1035,1,0.991945,0.000807,0.007248
1036,0,0.265115,0.000296,0.734589
1037,0,0.978851,0.000238,0.020910
1038,0,0.688266,0.000353,0.311381
1039,1,0.026312,0.000193,0.973495
1040,1,0.903469,0.000424,0.096107
1041,1,0.997935,0.000424,0.001641
1042,0,0.011631,0.000169,0.988200
1043,1,0.001755,0.000260,0.997984
1044,0,0.003371,0.000196,0.996433
1045,0,0.003096,0.000199,0.996704
1046,1,0.994623,0.000293,0.005084
1047,1,0.009899,0.000152,0.989949
1048,0,0.038814,0.000189,0.960997
1049,0,0.004660,0.000164,0.995176
1050,1,0.995138,0.000295,0.004567
1051,0,0.001512,0.000192,0.998295
1052,0,0.001196,0.000203,0.998601
1053,0,0.002179,0.000262,0.997560
1054,0,0.052813,0.000226,0.946961
1055,0,0.001336,0.000189,0.998475
1056,1,0.501511,0.000379,0.498110
1057,1,0.317106,0.000411,0.682483
1058,0,0.002430,0.000172,0.997397
1059,1,0.990312,0.000269,0.009419
1060,0,0.020211,0.000215,0.979574
1061,1,0.373191,0.000335,0.626474
1062,1,0.508477,0.000419,0.491104
1063,1,0.995098,0.000323,0.004579
1064,1,0.983161,0.000448,0.016392
1065,0,0.002484,0.000244,0.997272
1066,0,0.967848,0.000254,0.031898
1067,0,0.986613,0.000212,0.013175
1068,0,0.001912,0.000212,0.997877
1069,0,0.006021,0.000226,0.993753
1070,1,0.975145,0.000491,0.024364
1071,0,0.004746,0.000195,0.995059
1072,0,0.048667,0.000226,0.951107
1073,0,0.923895,0.000245,0.075859
1074,0,0.025169,0.000168,0.974663
1075,1,0.987625,0.000918,0.011457
1076,0,0.147818,0.000415,0.851766
1077,0,0.997854,0.000395,0.001751
1078,1,0.904921,0.000289,0.094791
1079,1,0.996808,0.002047,0.001145
1080,1,0.804659,0.000334,0.195006
1081,0,0.015270,0.000223,0.984506
1082,1,0.918398,0.000290,0.081313
1083,0,0.001502,0.000200,0.998298
1084,1,0.623437,0.000418,0.376145
1085,0,0.002284,0.000167,0.997549
1086,0,0.001957,0.000183,0.997860
1087,0,0.002976,0.000151,0.996873
1088,0,0.007266,0.000162,0.992572
1089,0,0.013715,0.000192,0.986093
1090,1,0.995103,0.000815,0.004082
1091,1,0.989353,0.000710,0.009937
1092,0,0.106745,0.000284,0.892971
1093,1,0.983166,0.000368,0.016466
1094,0,0.132968,0.000481,0.866551
1095,1,0.765141,0.000415,0.234444
1096,1,0.974429,0.000199,0.025372
1097,1,0.719488,0.001215,0.279297
1098,1,0.027233,0.000208,0.972560
1099,0,0.002083,0.000154,0.997763
1100,0,0.002604,0.000153,0.997243
1101,1,0.252961,0.000343,0.746696
1102,1,0.032435,0.000168,0.967396
1103,1,0.754414,0.000523,0.245063
1104,0,0.018264,0.000235,0.981501
1105,0,0.000764,0.000369,0.998867
1106,0,0.244896,0.000386,0.754718
1107,0,0.844749,0.000670,0.154581
1108,1,0.899532,0.000624,0.099844
1109,1,0.500802,0.000366,0.498832
1110,1,0.996094,0.001341,0.002565
1111,1,0.354191,0.000342,0.645468
1112,0,0.004606,0.000231,0.995162
1113,0,0.340805,0.000473,0.658722
1114,0,0.001018,0.000336,0.998646
1115,0,0.003484,0.000183,0.996332
1116,1,0.908668,0.000348,0.090985
1117,1,0.980749,0.000247,0.019005
1118,1,0.884736,0.000804,0.114460
1119,1,0.990358,0.000269,0.009373
1120,0,0.009253,0.000174,0.990573
1121,0,0.005385,0.000180,0.994435
1122,1,0.362586,0.000445,0.636969
1123,1,0.976626,0.000206,0.023168
1124,1,0.994079,0.002249,0.003671
1125,0,0.002146,0.000189,0.997665
1126,0,0.006251,0.000151,0.993598
1127,0,0.001568,0.000172,0.998259
1128,0,0.884625,0.000271,0.115104
1129,0,0.032301,0.000168,0.967531
1130,0,0.036472,0.000191,0.963337
1131,0,0.045067,0.000259,0.954673
1132,1,0.886079,0.000474,0.113448
1133,0,0.008795,0.000138,0.991067
1134,0,0.591772,0.000275,0.407953
1135,0,0.044013,0.000390,0.955598
1136,0,0.003629,0.000187,0.996184
1137,0,0.001108,0.000206,0.998686
1138,1,0.998166,0.000627,0.001208
1139,0,0.002286,0.000162,0.997552
1140,1,0.986959,0.000219,0.012822
1141,0,0.001060,0.000298,0.998643
1142,0,0.003035,0.000171,0.996794
1143,0,0.112806,0.000268,0.886926
1144,0,0.022072,0.000219,0.977709
1145,1,0.107265,0.000207,0.892528
1146,0,0.949740,0.000254,0.050006
1147,0,0.003683,0.000157,0.996160
1148,0,0.027167,0.000159,0.972674
1149,1,0.199879,0.000284,0.799836
1150,1,0.961108,0.000235,0.038658
1151,1,0.007187,0.000157,0.992656
1152,1,0.991000,0.000214,0.008786
1153,1,0.965478,0.000730,0.033793
1154,0,0.001010,0.000222,0.998769
1155,0,0.001924,0.000167,0.997909
1156,0,0.002833,0.000198,0.996970
1157,0,0.001174,0.000317,0.998509
1158,0,0.009161,0.000208,0.990631
1159,0,0.002555,0.000210,0.997235
1160,0,0.002049,0.000199,0.997752
1161,1,0.686988,0.000435,0.312577
1162,0,0.002595,0.000238,0.997166
1163,0,0.002008,0.000196,0.997796
1164,0,0.073331,0.000183,0.926486
1165,0,0.001787,0.000197,0.998016
1166,0,0.004931,0.000168,0.994901
1167,0,0.001551,0.000222,0.998227
1168,0,0.038085,0.000185,0.961730
1169,0,0.005712,0.000182,0.994106
1170,0,0.001140,0.000330,0.998531
1171,1,0.141136,0.000248,0.858616
1172,0,0.001140,0.000330,0.998531
1173,0,0.001094,0.000201,0.998706
1174,0,0.001982,0.000165,0.997852
1175,0,0.002053,0.000218,0.997729
1176,0,0.003645,0.000170,0.996186
1177,0,0.001412,0.000207,0.998381
1178,1,0.004650,0.000262,0.995088
1179,1,0.731328,0.000419,0.268252
1180,0,0.001157,0.000194,0.998649
1181,0,0.002928,0.000162,0.996911
1182,1,0.141527,0.000230,0.858243
1183,0,0.001142,0.000217,0.998641
1184,0,0.001928,0.000172,0.997900
1185,0,0.001681,0.000223,0.998096
1186,1,0.883344,0.057838,0.058818
1187,1,0.996608,0.000332,0.003060
1188,0,0.001173,0.000276,0.998551
1189,0,0.003213,0.000194,0.996593
1190,0,0.036087,0.000213,0.963699
1191,0,0.002177,0.001450,0.996373
1192,0,0.001263,0.000294,0.998443
1193,0,0.001243,0.000278,0.998480
1194,0,0.001773,0.000200,0.998028
1195,1,0.033176,0.000158,0.966666
1196,0,0.001495,0.000288,0.998217
1197,0,0.523317,0.000803,0.475881
1198,1,0.247990,0.001321,0.750689
1199,0,0.001151,0.000261,0.998588
1200,0,0.001661,0.000216,0.998123
1201,0,0.003152,0.000193,0.996654
1202,1,0.978099,0.000238,0.021663
1203,0,0.003388,0.000182,0.996430
1204,0,0.013422,0.000151,0.986427
1205,0,0.237278,0.002411,0.760311
1206,1,0.855939,0.000305,0.143756
1207,0,0.459702,0.000498,0.539800
1208,0,0.012419,0.000143,0.987438
1209,0,0.002684,0.000149,0.997167
1210,0,0.186030,0.000317,0.813654
1211,0,0.000827,0.000323,0.998850
1212,0,0.397536,0.000339,0.602124
1213,0,0.008459,0.000182,0.991359
1214,0,0.003782,0.000151,0.996066
1215,1,0.742263,0.000304,0.257433
1216,0,0.003855,0.000186,0.995959
1217,0,0.011044,0.000181,0.988775
1218,0,0.004077,0.000159,0.995764
1219,0,0.018156,0.000248,0.981596
1220,0,0.001872,0.000173,0.997955
1221,0,0.001590,0.000182,0.998227
1222,1,0.037856,0.000178,0.961966
1223,0,0.445750,0.000286,0.553964
1224,0,0.024377,0.000179,0.975444
1225,0,0.087718,0.000211,0.912070
1226,0,0.005527,0.000162,0.994310
1227,0,0.292277,0.000462,0.707260
1228,0,0.112558,0.000190,0.887252
1229,0,0.883589,0.056255,0.060156
1230,0,0.745465,0.000470,0.254065
1231,0,0.013189,0.000191,0.986621
1232,1,0.301589,0.000356,0.698056
1233,0,0.000869,0.000288,0.998842
1234,0,0.001181,0.000200,0.998619
1235,0,0.005570,0.000172,0.994257
1236,0,0.006326,0.000153,0.993521
1237,0,0.001546,0.000170,0.998284
1238,1,0.989769,0.001539,0.008693
1239,0,0.002867,0.000170,0.996963
1240,0,0.002726,0.000159,0.997115
1241,0,0.022142,0.000163,0.977695
1242,0,0.001582,0.000201,0.998217
1243,1,0.989769,0.001539,0.008693
1244,0,0.004661,0.000201,0.995138
1245,1,0.651039,0.000895,0.348065
1246,0,0.744986,0.000329,0.254685
1247,1,0.997268,0.000355,0.002377
1248,0,0.002370,0.000180,0.997449
1249,0,0.000640,0.000553,0.998807
1250,0,0.760518,0.000367,0.239115
1251,1,0.661292,0.000441,0.338266
1252,1,0.076423,0.000203,0.923374
1253,0,0.003980,0.000147,0.995873
1254,0,0.001432,0.000217,0.998351
1255,0,0.006837,0.000180,0.992983
1256,0,0.861377,0.000291,0.138332
1257,0,0.000770,0.000445,0.998785
1258,0,0.001757,0.000166,0.998076
1259,0,0.007667,0.000207,0.992126
1260,0,0.000870,0.000460,0.998670
1261,1,0.323542,0.000510,0.675948
1262,1,0.957022,0.000434,0.042545
1263,0,0.001664,0.000256,0.998080
1264,1,0.985441,0.000205,0.014354
1265,0,0.351061,0.000320,0.648619
1266,0,0.458093,0.000431,0.541476
1267,1,0.017443,0.000246,0.982311
1268,0,0.001384,0.000185,0.998431
1269,0,0.015629,0.000155,0.984215
1270,0,0.007207,0.000155,0.992638
1271,0,0.067377,0.000195,0.932429
1272,1,0.442007,0.506179,0.051814
1273,1,0.206432,0.000255,0.793313
1274,1,0.048802,0.000201,0.950997
1275,0,0.003801,0.000136,0.996063
1276,1,0.989769,0.001539,0.008693
1277,0,0.003429,0.000155,0.996416
1278,0,0.001356,0.000210,0.998434
1279,1,0.996023,0.000262,0.003715
1280,0,0.008307,0.000156,0.991538
1281,1,0.990409,0.000675,0.008916
1282,0,0.003941,0.000172,0.995887
1283,0,0.004717,0.000148,0.995135
1284,0,0.001766,0.000181,0.998053
1285,0,0.004379,0.000207,0.995414
1286,1,0.060483,0.000231,0.939286
1287,0,0.009817,0.000173,0.990010
1288,0,0.002113,0.000171,0.997715
1289,1,0.042454,0.000219,0.957327
1290,0,0.003819,0.000169,0.996012
1291,0,0.003253,0.000186,0.996561
1292,0,0.012655,0.000162,0.987183
1293,0,0.001490,0.000280,0.998230
1294,1,0.536728,0.000557,0.462715
1295,1,0.976301,0.000620,0.023078
1296,0,0.165742,0.003161,0.831097
1297,0,0.016347,0.000161,0.983492
1298,0,0.002618,0.000177,0.997205
1299,0,0.007634,0.000184,0.992182
1300,1,0.881635,0.000232,0.118133
1301,0,0.295595,0.000355,0.704050
1302,1,0.151018,0.000296,0.848686
1303,0,0.001313,0.000221,0.998466
1304,1,0.240128,0.000277,0.759595
1305,0,0.000793,0.000645,0.998562
1306,0,0.604740,0.000472,0.394787
1307,0,0.002814,0.000170,0.997017
1308,1,0.997609,0.000978,0.001412
1309,0,0.015077,0.000346,0.984577
1310,0,0.002210,0.000193,0.997598
1311,0,0.001429,0.000209,0.998362
1312,0,0.001230,0.000222,0.998548
1313,0,0.007236,0.000188,0.992576
1314,0,0.001058,0.000223,0.998719
1315,0,0.001328,0.000185,0.998487
1316,0,0.000923,0.000251,0.998826
1317,0,0.008218,0.000145,0.991637
1318,0,0.001063,0.000261,0.998675
1319,1,0.676415,0.000478,0.323107
1320,1,0.996054,0.000481,0.003465
1321,0,0.001004,0.000255,0.998741
1322,0,0.008223,0.000163,0.991614
1323,0,0.995745,0.000252,0.004004
1324,0,0.022557,0.000188,0.977255
1325,1,0.997346,0.000768,0.001886
1326,1,0.895050,0.000543,0.104408
1327,1,0.656177,0.000437,0.343386
1328,1,0.833756,0.000460,0.165784
1329,1,0.997123,0.000302,0.002575
1330,1,0.083189,0.451333,0.465478
1331,0,0.000689,0.000291,0.999020
1332,1,0.394068,0.000440,0.605492
1333,0,0.003439,0.000147,0.996414
1334,1,0.909519,0.000470,0.090011
1335,1,0.505182,0.000434,0.494384
1336,0,0.001294,0.000253,0.998453
1337,1,0.009669,0.000223,0.990108
1338,1,0.011345,0.000179,0.988476
1339,1,0.997164,0.000331,0.002506
1340,1,0.958201,0.002518,0.039281
1341,1,0.870075,0.000633,0.129292
1342,0,0.069804,0.000181,0.930015
1343,1,0.865172,0.000309,0.134520
1344,1,0.954384,0.000268,0.045348
1345,0,0.003560,0.000261,0.996179
1346,0,0.002099,0.000193,0.997708
1347,1,0.265732,0.000831,0.733437
1348,1,0.992384,0.000258,0.007359
1349,0,0.004443,0.000193,0.995364
1350,0,0.001363,0.000193,0.998444
1351,0,0.001149,0.000196,0.998654
1352,1,0.944941,0.037660,0.017398
1353,0,0.186510,0.000591,0.812899
1354,1,0.984411,0.000682,0.014908
1355,0,0.002251,0.000166,0.997582
1356,1,0.652451,0.000348,0.347201
1357,0,0.002143,0.000167,0.997690
1358,0,0.007912,0.000213,0.991875
1359,0,0.002093,0.000218,0.997689
1360,1,0.069206,0.000218,0.930576
1361,0,0.981048,0.000196,0.018755
1362,1,0.997504,0.001156,0.001340
1363,0,0.977481,0.013618,0.008900
1364,1,0.991204,0.000263,0.008534
1365,0,0.993831,0.000234,0.005936
1366,1,0.214256,0.000295,0.785449
1367,0,0.002643,0.000159,0.997198
1368,1,0.996544,0.001415,0.002041
1369,1,0.963922,0.001379,0.034699
1370,0,0.010152,0.000159,0.989690
1371,0,0.056639,0.000296,0.943065
1372,0,0.427471,0.000449,0.572080
1373,1,0.986110,0.000236,0.013654
1374,1,0.758870,0.000451,0.240678
1375,1,0.483326,0.000595,0.516079
1376,0,0.055557,0.000218,0.944226
1377,0,0.002952,0.000195,0.996853
1378,1,0.186191,0.000279,0.813530
1379,0,0.002725,0.000156,0.997119
1380,1,0.994699,0.000606,0.004695
1381,0,0.003257,0.000187,0.996556
1382,0,0.000790,0.000427,0.998783
1383,0,0.001976,0.000299,0.997725
1384,0,0.184950,0.000312,0.814739
1385,0,0.003571,0.000277,0.996151
1386,1,0.902979,0.000285,0.096736
1387,1,0.992464,0.000308,0.007228
1388,0,0.003737,0.000186,0.996077
1389,0,0.001479,0.000180,0.998341
1390,0,0.343250,0.000292,0.656458
1391,0,0.835028,0.000314,0.164658
1392,1,0.918387,0.000294,0.081319
1393,0,0.282357,0.000408,0.717235
1394,0,0.002221,0.001878,0.995902
1395,1,0.446968,0.000455,0.552577
1396,0,0.001790,0.000241,0.997969
1397,0,0.001131,0.000235,0.998634
1398,0,0.044444,0.000195,0.955360
1399,1,0.993401,0.001262,0.005337
1400,0,0.001129,0.000205,0.998666
1401,0,0.001531,0.000220,0.998249
1402,1,0.997692,0.000985,0.001323
1403,1,0.917544,0.000510,0.081947
1404,1,0.996358,0.000286,0.003356
1405,0,0.000691,0.000384,0.998925
1406,0,0.005805,0.000142,0.994053
1407,1,0.093632,0.000238,0.906129
1408,0,0.001653,0.000479,0.997868
1409,0,0.996066,0.000314,0.003620
1410,1,0.997865,0.000381,0.001755
1411,1,0.917266,0.000237,0.082497
1412,0,0.274496,0.000513,0.724991
1413,1,0.959165,0.000279,0.040556
1414,1,0.440704,0.000365,0.558931
1415,1,0.304383,0.131576,0.564041
1416,1,0.603562,0.000446,0.395992
1417,0,0.416008,0.000458,0.583533
1418,1,0.994876,0.001814,0.003309
1419,1,0.993848,0.000231,0.005921
1420,0,0.012757,0.000252,0.986991
1421,1,0.971429,0.001478,0.027094
1422,0,0.002210,0.000164,0.997626
1423,1,0.461170,0.000298,0.538532
1424,1,0.018196,0.000155,0.981649
1425,1,0.993848,0.000231,0.005921
1426,1,0.039063,0.000223,0.960714
1427,1,0.918934,0.000672,0.080394
1428,0,0.004817,0.000173,0.995010
1429,0,0.227854,0.000278,0.771868
1430,1,0.484594,0.000502,0.514904
1431,1,0.006303,0.001454,0.992242
1432,0,0.172877,0.000332,0.826791
1433,1,0.916251,0.000480,0.083269
1434,1,0.981883,0.000227,0.017890
1435,0,0.484300,0.000410,0.515289
1436,1,0.009032,0.000210,0.990758
1437,1,0.963673,0.000246,0.036081
1438,1,0.986385,0.000201,0.013414
1439,0,0.995176,0.000389,0.004434
1440,1,0.050402,0.000185,0.949413
1441,1,0.997707,0.000815,0.001477
1442,1,0.910501,0.000816,0.088683
1443,1,0.309782,0.000297,0.689921
1444,0,0.557847,0.000376,0.441777
1445,1,0.713467,0.000360,0.286173
1446,1,0.973346,0.000206,0.026449
1447,0,0.001188,0.000188,0.998624
1448,0,0.454088,0.000706,0.545206
1449,1,0.960494,0.000288,0.039218
1450,1,0.623154,0.292530,0.084316
1451,1,0.977138,0.000210,0.022652
1452,0,0.035039,0.000203,0.964758
1453,1,0.986227,0.004001,0.009772
1454,0,0.019436,0.000190,0.980375
1455,1,0.996789,0.000366,0.002845
1456,1,0.078568,0.000216,0.921216
1457,0,0.067845,0.000224,0.931931
1458,0,0.542924,0.000514,0.456562
1459,1,0.910169,0.000412,0.089418
1460,1,0.981550,0.000511,0.017938
1461,1,0.629154,0.000869,0.369977
1462,1,0.986591,0.000216,0.013194
1463,1,0.997825,0.000343,0.001833
1464,1,0.535061,0.000407,0.464532
1465,0,0.010584,0.000184,0.989232
1466,1,0.996725,0.000285,0.002990
1467,0,0.001644,0.000174,0.998182
1468,0,0.025928,0.000158,0.973914
1469,1,0.994303,0.003263,0.002435
1470,1,0.909487,0.000772,0.089740
1471,1,0.993735,0.000363,0.005903
1472,0,0.955770,0.000234,0.043996
1473,1,0.565188,0.000499,0.434313
1474,1,0.950674,0.000250,0.049076
1475,1,0.007857,0.000170,0.991972
1476,1,0.482859,0.000485,0.516656
1477,1,0.992092,0.000298,0.007610
1478,1,0.833216,0.000301,0.166484
1479,1,0.054205,0.000167,0.945629
1480,1,0.944902,0.000220,0.054879
1481,0,0.788485,0.000395,0.211120
1482,1,0.023813,0.000176,0.976011
1483,1,0.994871,0.000341,0.004789
1484,1,0.304192,0.000444,0.695364
1485,1,0.988810,0.006667,0.004522
1486,1,0.997832,0.000400,0.001767
1487,0,0.618598,0.000749,0.380653
1488,1,0.703759,0.000348,0.295893
1489,0,0.914159,0.000311,0.085530
1490,1,0.054293,0.000215,0.945493
1491,1,0.952832,0.000271,0.046897
1492,1,0.987776,0.000237,0.011987
1493,1,0.996696,0.001878,0.001427
1494,1,0.051354,0.000170,0.948476
1495,0,0.635347,0.000325,0.364327
1496,1,0.225620,0.000375,0.774005
1497,1,0.983639,0.000227,0.016134
1498,1,0.995945,0.000832,0.003223
1499,1,0.996793,0.000328,0.002879
1500,1,0.986903,0.000288,0.012809
1501,1,0.120960,0.000194,0.878845
1502,1,0.920592,0.000328,0.079080
1503,1,0.868889,0.000493,0.130619
1504,1,0.996702,0.000322,0.002976
1505,0,0.987808,0.000223,0.011969
1506,1,0.990902,0.000362,0.008737
1507,1,0.997650,0.000662,0.001688
1508,0,0.535459,0.000399,0.464142
1509,1,0.982841,0.000642,0.016517
1510,1,0.949058,0.000216,0.050726
1511,1,0.006807,0.000261,0.992932
1512,1,0.997051,0.000414,0.002535
1513,1,0.808018,0.000634,0.191348
1514,1,0.057270,0.000226,0.942504
1515,0,0.002837,0.000201,0.996962
1516,0,0.034953,0.000296,0.964751
1517,1,0.241516,0.000360,0.758124
1518,1,0.968866,0.000254,0.030880
1519,1,0.382505,0.000328,0.617167
1520,1,0.909596,0.004866,0.085538
1521,1,0.962416,0.000706,0.036877
1522,1,0.856170,0.000438,0.143391
1523,1,0.787344,0.000443,0.212213
1524,1,0.991298,0.000327,0.008375
1525,0,0.002882,0.000192,0.996926
1526,1,0.003286,0.000259,0.996455
1527,1,0.778982,0.000359,0.220659
1528,0,0.003521,0.000212,0.996267
1529,1,0.993084,0.000515,0.006401
1530,1,0.996986,0.000736,0.002278
1531,1,0.997290,0.000670,0.002040
1532,0,0.002314,0.000258,0.997428
1533,1,0.371503,0.000434,0.628063
1534,1,0.161667,0.000230,0.838103
1535,1,0.957994,0.000214,0.041792
1536,1,0.996674,0.001072,0.002254
1537,1,0.995645,0.000259,0.004096
1538,0,0.288786,0.000421,0.710793
1539,0,0.881375,0.000565,0.118060
1540,0,0.001225,0.000376,0.998398
1541,0,0.001491,0.000201,0.998308
1542,1,0.955013,0.000289,0.044697
1543,1,0.990098,0.000210,0.009693
1544,0,0.111492,0.000354,0.888154
1545,0,0.038039,0.000184,0.961777
1546,1,0.066506,0.000265,0.933229
1547,1,0.040595,0.000185,0.959220
1548,0,0.144990,0.000224,0.854786
1549,1,0.981520,0.000292,0.018188
1550,1,0.997160,0.000649,0.002191
1551,0,0.797490,0.000410,0.202100
1552,0,0.013438,0.000187,0.986375
1553,0,0.002080,0.000179,0.997742
1554,1,0.541319,0.000345,0.458336
1555,1,0.102951,0.000293,0.896756
1556,1,0.807754,0.000322,0.191923
1557,0,0.993639,0.000246,0.006114
1558,0,0.003158,0.000229,0.996613
1559,0,0.006882,0.000156,0.992963
1560,0,0.003396,0.000215,0.996388
1561,0,0.304263,0.000421,0.695316
1562,0,0.978624,0.000266,0.021110
1563,0,0.003921,0.000158,0.995921
1564,1,0.077734,0.000199,0.922067
1565,1,0.997193,0.000317,0.002490
1566,0,0.025026,0.000178,0.974796
1567,1,0.294979,0.000453,0.704568
1568,0,0.642768,0.000443,0.356790
1569,0,0.002723,0.000180,0.997097
1570,1,0.790099,0.000454,0.209448
1571,0,0.996308,0.000873,0.002818
1572,1,0.997207,0.000392,0.002401
1573,0,0.021341,0.000184,0.978475
1574,1,0.695211,0.000484,0.304305
1575,0,0.000769,0.000293,0.998937
1576,1,0.992648,0.002174,0.005177
1577,1,0.809003,0.159120,0.031877
1578,1,0.997510,0.000581,0.001909
1579,1,0.941108,0.000258,0.058634
1580,1,0.955524,0.000502,0.043973
1581,1,0.951625,0.000245,0.048130
1582,0,0.004899,0.000255,0.994846
1583,1,0.937581,0.000551,0.061868
1584,1,0.948801,0.025306,0.025893
1585,0,0.027281,0.000219,0.972499
1586,0,0.656587,0.000473,0.342940
1587,0,0.994557,0.000352,0.005091
1588,1,0.996463,0.000278,0.003259
1589,0,0.005465,0.000205,0.994330
1590,1,0.953228,0.000257,0.046515
1591,1,0.799420,0.000296,0.200284
1592,1,0.966138,0.000510,0.033352
1593,0,0.004154,0.000164,0.995682
1594,0,0.004066,0.000293,0.995641
1595,0,0.309656,0.000276,0.690067
1596,0,0.004572,0.000156,0.995272
1597,0,0.011012,0.000191,0.988797
1598,1,0.995375,0.000293,0.004333
1599,1,0.003037,0.000192,0.996771
1600,1,0.017502,0.000185,0.982313
1601,0,0.133121,0.000329,0.866550
1602,0,0.006667,0.000168,0.993166
1603,1,0.353108,0.000588,0.646304
1604,1,0.048019,0.000192,0.951789
1605,1,0.959386,0.000223,0.040391
1606,1,0.943634,0.000286,0.056080
1607,0,0.991020,0.000260,0.008720
1608,1,0.543728,0.000797,0.455475
1609,0,0.980896,0.000245,0.018859
1610,1,0.891248,0.000552,0.108200
1611,0,0.003078,0.000235,0.996687
1612,1,0.167906,0.000341,0.831752
1613,1,0.937836,0.000228,0.061936
1614,1,0.961002,0.000228,0.038770
1615,1,0.398861,0.000331,0.600808
1616,0,0.013131,0.000153,0.986716
1617,0,0.003141,0.000161,0.996698
1618,0,0.001887,0.000234,0.997879
1619,1,0.982519,0.011370,0.006111
1620,0,0.884459,0.000273,0.115268
1621,0,0.032746,0.000155,0.967099
1622,0,0.883392,0.000316,0.116292
1623,0,0.001343,0.000253,0.998403
1624,0,0.001710,0.000860,0.997430
1625,1,0.035469,0.000341,0.964191
1626,1,0.996950,0.000433,0.002617
1627,0,0.002167,0.000193,0.997639
1628,0,0.004677,0.000195,0.995128
1629,0,0.001316,0.000191,0.998493
1630,0,0.001196,0.000231,0.998573
1631,0,0.002106,0.000174,0.997719
1632,1,0.992604,0.000541,0.006855
1633,1,0.997308,0.000322,0.002371
1634,0,0.001134,0.000194,0.998673
1635,1,0.991803,0.003743,0.004454
1636,1,0.724664,0.000630,0.274706
1637,0,0.002584,0.000196,0.997219
1638,0,0.453394,0.000543,0.546063
1639,1,0.456883,0.000401,0.542716
1640,0,0.001840,0.000235,0.997925
1641,1,0.982290,0.000198,0.017512
1642,1,0.997303,0.000424,0.002272
1643,1,0.941351,0.000714,0.057935
1644,0,0.001047,0.000214,0.998739
1645,1,0.056137,0.000222,0.943640
1646,0,0.002121,0.000206,0.997673
1647,0,0.015286,0.000172,0.984542
1648,0,0.000976,0.000251,0.998773
1649,1,0.536515,0.000391,0.463094
1650,0,0.012485,0.000169,0.987346
1651,1,0.350712,0.000419,0.648869
1652,0,0.003776,0.000185,0.996039
1653,0,0.063244,0.000200,0.936556
1654,0,0.002471,0.000177,0.997352
1655,0,0.252798,0.000494,0.746707
1656,1,0.009019,0.000895,0.990087
1657,1,0.991101,0.000221,0.008678
1658,1,0.935064,0.000243,0.064692
1659,0,0.000953,0.000348,0.998699
1660,1,0.515906,0.000348,0.483746
1661,1,0.006048,0.000147,0.993804
1662,1,0.988596,0.000245,0.011159
1663,1,0.177780,0.000302,0.821919
1664,0,0.002830,0.000185,0.996985
1665,0,0.329912,0.000382,0.669706
1666,0,0.007935,0.000172,0.991893
1667,0,0.010623,0.000174,0.989203
1668,1,0.266964,0.000539,0.732497
1669,0,0.984031,0.000202,0.015767
1670,0,0.017524,0.000226,0.982249
1671,0,0.191830,0.000307,0.807863
1672,1,0.886089,0.094873,0.019038
1673,0,0.539429,0.000357,0.460215
1674,0,0.042929,0.000176,0.956895
1675,1,0.990337,0.000240,0.009423
1676,0,0.018827,0.000224,0.980949
1677,0,0.011993,0.000205,0.987801
1678,1,0.956212,0.000216,0.043572
1679,1,0.577184,0.000429,0.422388
1680,0,0.007501,0.000180,0.992319
1681,0,0.001714,0.000174,0.998112
1682,1,0.276184,0.000328,0.723488
1683,0,0.001988,0.000211,0.997801
1684,0,0.013298,0.000205,0.986497
1685,1,0.970695,0.000227,0.029078
1686,0,0.002785,0.000253,0.996961
1687,0,0.004909,0.000161,0.994930
1688,0,0.010871,0.000171,0.988958
1689,1,0.314648,0.000396,0.684956
1690,0,0.936506,0.000439,0.063055
1691,0,0.001141,0.000230,0.998629
1692,1,0.992110,0.001324,0.006566
1693,0,0.001970,0.000204,0.997826
1694,1,0.002974,0.000263,0.996763
1695,1,0.027616,0.000181,0.972203
1696,1,0.622707,0.000424,0.376869
1697,1,0.752367,0.000490,0.247143
1698,0,0.001376,0.000252,0.998372
1699,1,0.994472,0.000416,0.005112
1700,0,0.005498,0.000150,0.994352
1701,1,0.559426,0.000444,0.440130
1702,0,0.004938,0.000174,0.994888
1703,1,0.994929,0.000229,0.004842
1704,1,0.996045,0.000273,0.003682
1705,1,0.952670,0.000401,0.046929
1706,1,0.876799,0.000390,0.122811
1707,1,0.626315,0.000449,0.373236
1708,1,0.942823,0.000311,0.056866
1709,1,0.146213,0.000234,0.853553
1710,1,0.282059,0.000426,0.717515
1711,0,0.005838,0.000194,0.993968
1712,0,0.006897,0.000166,0.992937
1713,0,0.053920,0.000209,0.945871
1714,0,0.003566,0.000180,0.996253
1715,1,0.993756,0.000232,0.006011
1716,0,0.002831,0.000176,0.996993
1717,0,0.001157,0.000218,0.998625
1718,0,0.004553,0.000233,0.995214
1719,0,0.199777,0.000492,0.799730
1720,0,0.988277,0.000619,0.011104
1721,0,0.801927,0.000520,0.197552
1722,1,0.555637,0.000338,0.444025
1723,1,0.993691,0.000227,0.006082
1724,1,0.995360,0.000242,0.004398
1725,1,0.638609,0.000829,0.360562
1726,0,0.024172,0.000201,0.975627
1727,1,0.989040,0.000215,0.010745
1728,1,0.969943,0.000247,0.029810
1729,0,0.003051,0.000179,0.996771
1730,1,0.920350,0.000327,0.079323
1731,1,0.877863,0.000340,0.121797
1732,1,0.973386,0.000358,0.026257
1733,1,0.995914,0.000273,0.003812
1734,1,0.652803,0.000325,0.346871
1735,0,0.001220,0.000212,0.998568
1736,1,0.641404,0.000361,0.358235
1737,0,0.219759,0.000362,0.779879
1738,0,0.018505,0.000152,0.981343
1739,0,0.185313,0.000263,0.814424
1740,1,0.666813,0.000373,0.332813
1741,0,0.002278,0.000204,0.997517
1742,0,0.001258,0.000182,0.998560
1743,0,0.677242,0.000399,0.322359
1744,0,0.010135,0.000154,0.989712
1745,1,0.998225,0.000530,0.001246
1746,0,0.007421,0.000181,0.992397
1747,0,0.365499,0.000372,0.634129
1748,1,0.953178,0.000358,0.046464
1749,1,0.980417,0.000936,0.018647
1750,1,0.993082,0.000405,0.006513
1751,1,0.962322,0.000266,0.037412
1752,1,0.981797,0.001780,0.016423
1753,0,0.002695,0.000188,0.997117
1754,0,0.617210,0.000526,0.382264
1755,0,0.023370,0.000168,0.976461
1756,0,0.002854,0.000162,0.996984
1757,1,0.980404,0.000234,0.019362
1758,0,0.000847,0.000243,0.998910
1759,1,0.994859,0.000601,0.004540
1760,0,0.926883,0.000236,0.072881
1761,1,0.995705,0.001319,0.002976
1762,0,0.013386,0.000159,0.986455
1763,0,0.995032,0.000243,0.004725
1764,0,0.001219,0.000192,0.998589
1765,1,0.137529,0.000191,0.862280
1766,1,0.065800,0.000169,0.934031
1767,0,0.001727,0.000262,0.998011
1768,0,0.002358,0.000233,0.997410
1769,0,0.003152,0.000199,0.996649
1770,1,0.993959,0.000526,0.005515
1771,1,0.046547,0.000292,0.953161
1772,0,0.010029,0.000163,0.989808
1773,0,0.044952,0.000274,0.954774
1774,0,0.000765,0.000286,0.998948
1775,0,0.001872,0.000164,0.997964
1776,0,0.013926,0.000148,0.985925
1777,0,0.003972,0.000207,0.995821
1778,0,0.171089,0.000213,0.828698
1779,1,0.995857,0.000277,0.003866
1780,1,0.997325,0.000482,0.002193
1781,1,0.701299,0.001017,0.297684
1782,1,0.976080,0.010138,0.013782
1783,1,0.487606,0.000401,0.511993
1784,1,0.993489,0.002926,0.003585
1785,1,0.003229,0.000153,0.996617
1786,0,0.172658,0.000330,0.827011
1787,0,0.005489,0.000143,0.994368
1788,0,0.002872,0.000197,0.996932
1789,0,0.002539,0.000161,0.997299
1790,1,0.997170,0.000339,0.002491
1791,0,0.009781,0.000150,0.990069
1792,0,0.146644,0.000338,0.853018
1793,0,0.032166,0.000198,0.967636
1794,0,0.025939,0.000163,0.973898
1795,0,0.005652,0.000217,0.994131
1796,0,0.009844,0.000323,0.989833
1797,0,0.989003,0.000304,0.010693
1798,1,0.713653,0.000612,0.285735
1799,1,0.996786,0.000281,0.002933
1800,1,0.510404,0.372329,0.117267
1801,0,0.996862,0.000297,0.002841
1802,0,0.001665,0.000163,0.998171
1803,1,0.415447,0.000265,0.584288
1804,1,0.175483,0.000330,0.824187
1805,0,0.001708,0.000215,0.998076
1806,0,0.007849,0.000247,0.991904
1807,0,0.001391,0.000217,0.998392
1808,1,0.489305,0.000487,0.510208
1809,1,0.001605,0.000192,0.998203
1810,0,0.003985,0.000168,0.995847
1811,0,0.001657,0.000207,0.998136
1812,0,0.002182,0.000166,0.997652
1813,0,0.001764,0.000234,0.998002
1814,0,0.240566,0.000295,0.759139
1815,0,0.022530,0.005184,0.972286
1816,1,0.892446,0.000749,0.106804
1817,0,0.001931,0.000195,0.997875
1818,1,0.100934,0.000288,0.898778
1819,0,0.001805,0.000182,0.998013
1820,0,0.003935,0.000149,0.995915
1821,0,0.001206,0.000315,0.998480
1822,0,0.002525,0.000242,0.997233
1823,0,0.003296,0.000157,0.996548
1824,0,0.001598,0.000179,0.998224
1825,0,0.036709,0.000181,0.963110
1826,1,0.468429,0.000489,0.531083
1827,0,0.010280,0.000173,0.989547
1828,0,0.006302,0.000156,0.993542
1829,0,0.002372,0.000207,0.997421
1830,0,0.004469,0.000184,0.995347
1831,0,0.001607,0.000174,0.998219
1832,0,0.001686,0.000243,0.998072
1833,0,0.003502,0.000174,0.996324
1834,1,0.996460,0.000277,0.003263
1835,1,0.023284,0.000190,0.976526
1836,0,0.063757,0.000224,0.936019
1837,1,0.877535,0.000391,0.122074
1838,0,0.001754,0.000173,0.998073
1839,1,0.793823,0.000261,0.205916
1840,0,0.079249,0.000275,0.920477
1841,0,0.000882,0.000261,0.998857
1842,1,0.825060,0.000284,0.174656
1843,1,0.568020,0.000538,0.431441
1844,1,0.626772,0.000457,0.372771
1845,0,0.001456,0.000296,0.998248
1846,1,0.816604,0.000439,0.182957
1847,0,0.004806,0.000139,0.995056
1848,0,0.002925,0.000179,0.996896
1849,1,0.997572,0.000368,0.002060
1850,1,0.994860,0.000248,0.004892
1851,1,0.003454,0.000221,0.996324
1852,1,0.808297,0.000381,0.191321
1853,0,0.001789,0.000164,0.998047
1854,0,0.002126,0.000164,0.997710
1855,1,0.988832,0.000273,0.010895
1856,1,0.803900,0.000539,0.195561
1857,1,0.755585,0.000559,0.243856
1858,0,0.006210,0.000150,0.993640
1859,1,0.391044,0.000307,0.608649
1860,0,0.001359,0.000283,0.998357
1861,1,0.997262,0.000780,0.001958
1862,0,0.002384,0.000150,0.997466
1863,0,0.003517,0.000137,0.996346
1864,1,0.975442,0.000207,0.024351
1865,0,0.031416,0.000339,0.968245
1866,0,0.005588,0.000283,0.994130
1867,0,0.006518,0.000158,0.993325
1868,1,0.138862,0.000277,0.860860
1869,1,0.997951,0.000792,0.001258
1870,0,0.004387,0.000233,0.995380
1871,0,0.078947,0.000225,0.920828
1872,1,0.997467,0.000371,0.002162
1873,0,0.437084,0.014942,0.547974
1874,0,0.018419,0.000171,0.981410
1875,0,0.547994,0.000330,0.451676
1876,0,0.794344,0.000378,0.205278
1877,0,0.783610,0.000316,0.216074
1878,1,0.165830,0.000199,0.833971
1879,1,0.992274,0.000279,0.007447
1880,0,0.001654,0.000254,0.998092
1881,1,0.992086,0.003295,0.004619
1882,1,0.002758,0.000244,0.996998
1883,0,0.003990,0.000237,0.995773
1884,0,0.006887,0.000220,0.992893
1885,1,0.832037,0.000458,0.167505
1886,0,0.023838,0.000179,0.975984
1887,1,0.578944,0.000382,0.420674
1888,0,0.004051,0.000169,0.995780
1889,0,0.003532,0.000151,0.996317
1890,0,0.067126,0.000235,0.932639
1891,1,0.033182,0.000182,0.966636
1892,0,0.076581,0.000223,0.923196
1893,1,0.991113,0.000387,0.008500
1894,0,0.001581,0.000240,0.998180
1895,0,0.000965,0.000230,0.998805
1896,1,0.073876,0.000343,0.925781
1897,1,0.020154,0.000172,0.979674
1898,0,0.002397,0.000225,0.997378
1899,0,0.002358,0.000206,0.997436
1900,0,0.115061,0.000220,0.884719
1901,1,0.872863,0.044091,0.083046
1902,1,0.795223,0.000642,0.204135
1903,0,0.002226,0.000161,0.997612
1904,0,0.010801,0.000145,0.989054
1905,0,0.046908,0.000167,0.952925
1906,0,0.002148,0.000195,0.997657
1907,0,0.002084,0.000210,0.997706
1908,0,0.001815,0.000249,0.997936
1909,0,0.005839,0.000162,0.993999
1910,0,0.004865,0.000201,0.994933
1911,1,0.901949,0.000329,0.097722
1912,0,0.000993,0.000233,0.998774
1913,0,0.024860,0.000192,0.974948
1914,0,0.002814,0.000185,0.997000
1915,0,0.889854,0.000229,0.109917
1916,0,0.018965,0.000154,0.980881
1917,0,0.001820,0.000176,0.998004
1918,1,0.996230,0.000302,0.003468
1919,0,0.001664,0.000196,0.998140
1920,0,0.000586,0.000862,0.998552
1921,0,0.567452,0.000428,0.432120
1922,1,0.973781,0.000270,0.025949
1923,1,0.997771,0.000838,0.001391
1924,1,0.997894,0.000917,0.001189
1925,0,0.492010,0.000336,0.507654
1926,1,0.811340,0.001253,0.187407
1927,0,0.001656,0.000179,0.998165
1928,0,0.008499,0.000200,0.991301
1929,0,0.001719,0.000173,0.998108
1930,1,0.976187,0.000236,0.023577
1931,0,0.001280,0.000181,0.998539
1932,0,0.001963,0.000171,0.997866
1933,1,0.996645,0.000272,0.003084
1934,0,0.149469,0.000265,0.850265
1935,1,0.996320,0.000256,0.003423
1936,0,0.082967,0.000185,0.916847
1937,0,0.001556,0.000234,0.998210
1938,0,0.349164,0.000508,0.650328
1939,0,0.000967,0.000276,0.998757
1940,0,0.010905,0.000161,0.988934
1941,0,0.007317,0.000331,0.992352
1942,0,0.020091,0.000172,0.979737
1943,0,0.002156,0.000197,0.997647
1944,1,0.871872,0.000267,0.127861
1945,0,0.987688,0.000326,0.011986
1946,0,0.001421,0.000186,0.998393
1947,1,0.515533,0.000571,0.483896
1948,1,0.121777,0.000453,0.877770
1949,0,0.001202,0.000197,0.998601
1950,0,0.001440,0.000168,0.998391
1951,0,0.001424,0.000200,0.998376
1952,1,0.984489,0.000333,0.015178
1953,0,0.028691,0.000314,0.970996
1954,0,0.002060,0.000321,0.997619
1955,1,0.966555,0.000459,0.032986
1956,0,0.940143,0.000268,0.059589
1957,1,0.942179,0.000388,0.057433
1958,1,0.009679,0.015873,0.974448
1959,0,0.040496,0.000185,0.959318
1960,0,0.004952,0.000271,0.994777
1961,0,0.615139,0.000275,0.384586
1962,1,0.980213,0.000217,0.019570
1963,1,0.086011,0.000248,0.913741
1964,1,0.782261,0.000390,0.217349
1965,0,0.062261,0.000205,0.937534
1966,0,0.005969,0.000170,0.993861
1967,0,0.109061,0.000218,0.890721
1968,0,0.003838,0.000197,0.995965
1969,1,0.563856,0.000320,0.435824
1970,1,0.842626,0.050926,0.106448
1971,0,0.001143,0.000201,0.998656
1972,0,0.919379,0.000384,0.080236
1973,1,0.978844,0.000317,0.020839
1974,1,0.996209,0.000847,0.002944
1975,0,0.012684,0.000164,0.987152
1976,0,0.001160,0.000204,0.998636
1977,0,0.005168,0.000162,0.994670
1978,1,0.697206,0.000370,0.302424
1979,0,0.568077,0.000439,0.431485
1980,0,0.033427,0.000162,0.966411
1981,0,0.977702,0.000322,0.021975
1982,1,0.934539,0.000327,0.065134
1983,1,0.047224,0.000204,0.952573
1984,1,0.684090,0.000391,0.315519
1985,0,0.002366,0.000369,0.997266
1986,1,0.997424,0.000564,0.002012
1987,0,0.001996,0.000167,0.997836
1988,1,0.499174,0.000356,0.500469
1989,0,0.001376,0.000215,0.998409
1990,0,0.001817,0.000186,0.997997
1991,0,0.005452,0.000175,0.994373
1992,0,0.004936,0.000170,0.994894
1993,0,0.004127,0.000170,0.995703
1994,0,0.004695,0.000151,0.995154
1995,1,0.996265,0.000353,0.003382
1996,1,0.001791,0.000214,0.997995
1997,0,0.001772,0.000284,0.997944
1998,0,0.152264,0.000240,0.847496
1999,0,0.007875,0.000178,0.991947
2000,0,0.007037,0.000150,0.992813
2001,1,0.009409,0.000192,0.990399
2002,1,0.032207,0.000188,0.967605
2003,1,0.007065,0.000211,0.992724
2004,1,0.966147,0.000229,0.033624
2005,1,0.997726,0.001014,0.001260
2006,1,0.997142,0.000374,0.002484
2007,0,0.066730,0.000263,0.933007
2008,0,0.001234,0.000198,0.998569
2009,0,0.157136,0.000237,0.842627
2010,1,0.977864,0.000339,0.021797
2011,0,0.002711,0.000198,0.997091
2012,1,0.263224,0.000393,0.736384
2013,1,0.996673,0.000324,0.003002
2014,1,0.945045,0.000223,0.054732
2015,0,0.011491,0.000164,0.988345
2016,0,0.000955,0.000372,0.998673
2017,0,0.360401,0.000524,0.639075
2018,0,0.575126,0.000447,0.424427
2019,1,0.024549,0.000203,0.975248
2020,1,0.997932,0.000408,0.001660
2021,1,0.971105,0.000498,0.028397
2022,1,0.867363,0.000393,0.132244
2023,0,0.002439,0.000252,0.997309
2024,0,0.001796,0.000167,0.998037
2025,1,0.994170,0.000398,0.005432
2026,0,0.001798,0.000184,0.998018
2027,1,0.980794,0.000631,0.018575
2028,1,0.022508,0.000190,0.977301
2029,0,0.001702,0.000310,0.997988
2030,0,0.000828,0.000257,0.998915
2031,1,0.973977,0.000574,0.025449
2032,0,0.503307,0.000406,0.496287
2033,1,0.219441,0.000225,0.780334
2034,1,0.975720,0.004624,0.019657
2035,0,0.012868,0.000157,0.986975
2036,0,0.001742,0.000194,0.998065
2037,0,0.003474,0.000347,0.996179
2038,0,0.073065,0.000248,0.926687
2039,1,0.744934,0.000384,0.254682
2040,0,0.001937,0.000165,0.997898
2041,1,0.997942,0.000925,0.001133
2042,0,0.997588,0.000554,0.001858
2043,1,0.854497,0.000326,0.145177
2044,1,0.198587,0.000456,0.800958
2045,0,0.004021,0.000196,0.995783
2046,0,0.001037,0.000238,0.998725
2047,1,0.194449,0.000793,0.804758
2048,1,0.997091,0.000388,0.002520
2049,1,0.997663,0.000778,0.001559
2050,0,0.007126,0.000173,0.992701
2051,0,0.015462,0.000188,0.984350
2052,0,0.160998,0.000238,0.838764
2053,1,0.473684,0.000440,0.525876
2054,1,0.996879,0.000869,0.002252
2055,1,0.998134,0.000489,0.001378
2056,0,0.572214,0.000339,0.427446
2057,0,0.006856,0.000160,0.992985
2058,0,0.001855,0.000418,0.997727
2059,0,0.002252,0.000187,0.997561
2060,0,0.001881,0.000178,0.997941
2061,0,0.033831,0.000192,0.965976
2062,0,0.013130,0.000167,0.986703
2063,0,0.015224,0.000151,0.984624
2064,0,0.001547,0.000193,0.998260
2065,1,0.116603,0.000396,0.883000
2066,0,0.001385,0.000240,0.998375
2067,0,0.018218,0.000148,0.981634
2068,0,0.136195,0.013990,0.849815
2069,0,0.002814,0.000199,0.996987
2070,0,0.001052,0.000204,0.998744
2071,0,0.002158,0.000157,0.997685
2072,0,0.005369,0.000192,0.994439
2073,0,0.736267,0.000376,0.263357
2074,1,0.813993,0.000362,0.185645
2075,0,0.002729,0.000223,0.997048
2076,0,0.001932,0.000244,0.997824
2077,0,0.061858,0.000224,0.937918
2078,0,0.008912,0.000177,0.990910
2079,1,0.937266,0.000394,0.062339
2080,1,0.997077,0.000337,0.002587
2081,0,0.001444,0.000189,0.998366
2082,0,0.002414,0.000164,0.997423
2083,0,0.996953,0.000274,0.002773
2084,1,0.986824,0.000399,0.012777
2085,1,0.989015,0.000215,0.010769
2086,1,0.994257,0.000338,0.005405
2087,0,0.003374,0.000200,0.996426
2088,0,0.001919,0.000192,0.997889
2089,1,0.995708,0.000295,0.003998
2090,1,0.259588,0.000413,0.739998
2091,1,0.687661,0.000810,0.311529
2092,1,0.408258,0.000741,0.591002
2093,0,0.045122,0.000193,0.954685
2094,1,0.988110,0.000254,0.011636
2095,1,0.995665,0.000271,0.004063
2096,0,0.001099,0.000215,0.998686
2097,1,0.036970,0.000248,0.962783
2098,0,0.001633,0.000229,0.998138
2099,1,0.975825,0.000798,0.023377
2100,1,0.781174,0.000679,0.218148
2101,1,0.552890,0.000468,0.446642
2102,0,0.027571,0.000163,0.972266
2103,0,0.024643,0.000165,0.975192
2104,0,0.008229,0.000188,0.991583
2105,0,0.001743,0.000240,0.998017
2106,1,0.989988,0.006493,0.003519
2107,1,0.746881,0.000402,0.252717
2108,1,0.992964,0.002925,0.004111
2109,0,0.002062,0.000177,0.997761
2110,0,0.031896,0.000200,0.967905
2111,0,0.616656,0.000520,0.382825
2112,1,0.930613,0.000321,0.069066
2113,1,0.003063,0.000310,0.996628
2114,0,0.997973,0.000503,0.001524
2115,1,0.021904,0.000252,0.977843
2116,0,0.004006,0.000168,0.995825
2117,0,0.000906,0.000238,0.998856
2118,0,0.001396,0.000178,0.998426
2119,1,0.989356,0.000300,0.010344
2120,1,0.993401,0.000227,0.006372
2121,1,0.715988,0.000451,0.283561
2122,0,0.003183,0.000174,0.996643
2123,0,0.004998,0.000224,0.994779
2124,0,0.001170,0.000234,0.998595
2125,0,0.002945,0.000166,0.996889
2126,0,0.434641,0.000294,0.565065
2127,1,0.945235,0.000259,0.054506
2128,0,0.122208,0.000196,0.877595
2129,1,0.361423,0.000341,0.638237
2130,1,0.071973,0.000231,0.927797
2131,0,0.015650,0.000172,0.984178
2132,0,0.003257,0.000148,0.996594
2133,1,0.210426,0.000375,0.789199
2134,1,0.655892,0.000546,0.343562
2135,0,0.500645,0.000495,0.498860
2136,0,0.980556,0.000256,0.019188
2137,0,0.006719,0.000153,0.993128
2138,0,0.079927,0.000237,0.919836
2139,0,0.444946,0.000310,0.554745
2140,1,0.151028,0.000267,0.848705
2141,1,0.005257,0.000167,0.994576
2142,0,0.003671,0.000144,0.996184
2143,1,0.978745,0.000206,0.021049
2144,1,0.340487,0.001437,0.658076
2145,1,0.997232,0.000303,0.002465
2146,1,0.365623,0.000342,0.634035
2147,1,0.822624,0.000436,0.176940
2148,1,0.418380,0.000623,0.580997
2149,0,0.004763,0.000184,0.995053
2150,1,0.993705,0.000252,0.006043
2151,1,0.975780,0.000208,0.024012
2152,0,0.354046,0.000307,0.645646
2153,0,0.086897,0.000236,0.912867
2154,1,0.984910,0.000502,0.014588
2155,0,0.600898,0.000566,0.398536
2156,1,0.997081,0.001306,0.001614
2157,0,0.602732,0.000402,0.396865
2158,1,0.638505,0.000369,0.361126
2159,0,0.977505,0.000234,0.022261
2160,0,0.055779,0.000200,0.944021
2161,0,0.002646,0.000219,0.997134
2162,0,0.997922,0.000648,0.001430
2163,0,0.101345,0.000252,0.898403
2164,1,0.966623,0.000219,0.033158
2165,0,0.857634,0.000244,0.142122
2166,1,0.178119,0.000213,0.821668
2167,1,0.802978,0.000256,0.196766
2168,1,0.997870,0.000771,0.001359
2169,1,0.774113,0.000668,0.225219
2170,1,0.030222,0.000283,0.969495
2171,0,0.023280,0.000189,0.976531
2172,1,0.994722,0.000310,0.004969
2173,0,0.001824,0.000205,0.997972
2174,0,0.007319,0.000168,0.992513
2175,0,0.866081,0.000345,0.133574
2176,1,0.994866,0.000430,0.004704
2177,0,0.018443,0.000171,0.981385
2178,1,0.027671,0.000253,0.972076
2179,1,0.995481,0.000297,0.004222
2180,0,0.032706,0.000165,0.967129
2181,0,0.010039,0.000172,0.989789
2182,0,0.003144,0.000145,0.996711
2183,0,0.128960,0.000208,0.870831
2184,1,0.246103,0.000317,0.753579
2185,0,0.093082,0.003285,0.903633
2186,0,0.004832,0.000164,0.995004
2187,0,0.001532,0.000198,0.998270
2188,1,0.339251,0.000348,0.660401
2189,0,0.002306,0.000176,0.997519
2190,0,0.057154,0.000199,0.942647
2191,0,0.020317,0.000157,0.979526
2192,0,0.974290,0.000296,0.025414
2193,0,0.097442,0.000219,0.902338
2194,0,0.035338,0.000181,0.964481
2195,1,0.958368,0.000236,0.041396
2196,1,0.983780,0.000222,0.015998
2197,0,0.001319,0.000185,0.998496
2198,0,0.002094,0.000286,0.997620
2199,0,0.015421,0.000179,0.984399
2200,1,0.155599,0.000193,0.844208
2201,1,0.995675,0.000246,0.004078
2202,1,0.995290,0.000292,0.004419
2203,0,0.837305,0.000448,0.162247
2204,0,0.004110,0.000176,0.995714
2205,0,0.082497,0.000217,0.917285
2206,1,0.995215,0.000480,0.004305
2207,0,0.001472,0.000175,0.998353
2208,1,0.984839,0.000239,0.014922
2209,1,0.997024,0.001683,0.001294
2210,1,0.986985,0.000498,0.012517
2211,0,0.002051,0.000173,0.997776
2212,1,0.996799,0.000528,0.002673
2213,0,0.088026,0.000216,0.911759
2214,1,0.993725,0.000381,0.005894
2215,1,0.991981,0.000222,0.007797
2216,1,0.997839,0.000515,0.001646
2217,1,0.483742,0.000556,0.515702
2218,1,0.970870,0.001378,0.027752
2219,1,0.854030,0.000386,0.145583
2220,1,0.044686,0.000197,0.955117
2221,0,0.083252,0.000212,0.916536
2222,0,0.194387,0.000337,0.805276
2223,0,0.003158,0.000156,0.996686
2224,0,0.006548,0.000145,0.993308
2225,0,0.031621,0.000213,0.968167
2226,1,0.356743,0.000545,0.642712
2227,1,0.946984,0.000254,0.052762
2228,1,0.775705,0.000359,0.223937
2229,1,0.996339,0.000302,0.003359
2230,1,0.994533,0.000316,0.005150
2231,1,0.992085,0.000303,0.007612
2232,1,0.960039,0.000652,0.039310
2233,0,0.004345,0.000222,0.995433
2234,0,0.020937,0.000191,0.978872
2235,1,0.946117,0.000253,0.053630
2236,1,0.954360,0.000264,0.045376
2237,0,0.002213,0.000210,0.997576
2238,1,0.634847,0.000423,0.364730
2239,1,0.051083,0.000245,0.948672
2240,1,0.962605,0.000320,0.037075
2241,0,0.007791,0.000176,0.992032
2242,0,0.004958,0.000176,0.994866
2243,0,0.030202,0.000166,0.969632
2244,0,0.001144,0.000267,0.998589
2245,1,0.087411,0.000218,0.912371
2246,0,0.890601,0.000331,0.109068
2247,1,0.997666,0.000517,0.001817
2248,0,0.026617,0.000170,0.973214
2249,0,0.475384,0.000357,0.524259
2250,1,0.317581,0.162645,0.519774
2251,0,0.010795,0.000160,0.989045
2252,0,0.001990,0.000195,0.997815
2253,0,0.359453,0.005314,0.635233
2254,1,0.828544,0.000406,0.171050
2255,1,0.971038,0.000953,0.028009
2256,0,0.873389,0.000262,0.126349
2257,1,0.185722,0.000778,0.813500
2258,0,0.029456,0.000189,0.970355
2259,1,0.979865,0.000223,0.019912
2260,1,0.778782,0.000698,0.220520
2261,0,0.006111,0.000147,0.993742
2262,0,0.004517,0.000142,0.995341
2263,0,0.003173,0.000150,0.996677
2264,1,0.997438,0.001260,0.001302
2265,0,0.568351,0.000433,0.431216
2266,1,0.993310,0.000222,0.006468
2267,1,0.112721,0.000266,0.887013
2268,1,0.922531,0.000708,0.076761
2269,0,0.004506,0.000174,0.995320
2270,0,0.001278,0.000194,0.998528
2271,1,0.276032,0.000346,0.723622
2272,0,0.002785,0.000232,0.996983
2273,1,0.004751,0.000160,0.995089
2274,1,0.938511,0.000240,0.061249
2275,0,0.040559,0.000209,0.959232
2276,0,0.012106,0.000161,0.987733
2277,0,0.001740,0.000187,0.998072
2278,0,0.003652,0.000215,0.996134
2279,1,0.004299,0.000161,0.995540
2280,0,0.004130,0.000201,0.995669
2281,0,0.839576,0.000462,0.159962
2282,1,0.243038,0.000721,0.756241
2283,1,0.996912,0.000443,0.002645
2284,1,0.759892,0.000440,0.239667
2285,1,0.056114,0.000218,0.943668
2286,1,0.968446,0.000395,0.031159
2287,0,0.023340,0.000152,0.976507
2288,0,0.001516,0.000191,0.998293
2289,1,0.015887,0.000154,0.983960
2290,0,0.002298,0.000188,0.997514
2291,0,0.015295,0.000158,0.984546
2292,1,0.996487,0.000257,0.003256
2293,1,0.192810,0.000316,0.806874
2294,0,0.003111,0.000174,0.996715
2295,1,0.575105,0.000393,0.424502
2296,0,0.001110,0.000238,0.998652
2297,0,0.015606,0.000188,0.984207
2298,1,0.997654,0.000398,0.001948
2299,1,0.791937,0.000359,0.207704
2300,1,0.960887,0.000499,0.038613
2301,0,0.017115,0.000350,0.982535
2302,0,0.321281,0.302014,0.376706
2303,1,0.677325,0.000555,0.322119
2304,1,0.957616,0.000268,0.042116
2305,1,0.990385,0.004500,0.005114
2306,1,0.763649,0.000296,0.236055
2307,0,0.001281,0.000241,0.998478
2308,0,0.012630,0.000148,0.987222
2309,1,0.942396,0.000280,0.057324
2310,1,0.979542,0.000289,0.020168
2311,1,0.671172,0.000418,0.328410
2312,1,0.539447,0.001133,0.459420
2313,1,0.022125,0.001047,0.976828
2314,1,0.968280,0.000209,0.031511
2315,0,0.002424,0.000220,0.997356
2316,0,0.013777,0.000162,0.986061
2317,1,0.992788,0.000236,0.006977
2318,1,0.995221,0.000239,0.004541
2319,1,0.997761,0.001051,0.001189
2320,1,0.992060,0.000222,0.007718
2321,0,0.007028,0.000170,0.992802
2322,0,0.022218,0.337319,0.640463
2323,1,0.292290,0.003427,0.704283
2324,1,0.997509,0.001171,0.001320
2325,1,0.995763,0.000975,0.003262
2326,1,0.868799,0.114701,0.016500
2327,0,0.995190,0.000352,0.004458
2328,1,0.883037,0.000413,0.116550
2329,1,0.811222,0.000349,0.188429
2330,1,0.417991,0.184964,0.397045
2331,1,0.448962,0.000449,0.550589
2332,0,0.012945,0.000250,0.986804
2333,1,0.992636,0.000231,0.007133
2334,0,0.001087,0.000214,0.998700
2335,0,0.056811,0.000189,0.943000
2336,0,0.014822,0.000303,0.984875
2337,0,0.001872,0.000253,0.997875
2338,0,0.018406,0.000169,0.981425
2339,0,0.032235,0.000159,0.967606
2340,0,0.003246,0.000186,0.996569
2341,1,0.808772,0.156509,0.034719
2342,0,0.003298,0.000245,0.996457
2343,1,0.098418,0.000283,0.901299
2344,0,0.007204,0.000159,0.992636
2345,1,0.406420,0.000347,0.593233
2346,0,0.001416,0.000203,0.998381
2347,0,0.001675,0.000183,0.998142
2348,0,0.001546,0.000203,0.998251
2349,0,0.001489,0.000239,0.998272
2350,1,0.937800,0.000228,0.061972
2351,1,0.997936,0.000363,0.001700
2352,0,0.002643,0.000208,0.997149
2353,0,0.022453,0.000167,0.977380
2354,1,0.001701,0.000252,0.998047
2355,0,0.002273,0.000210,0.997517
2356,1,0.019824,0.000165,0.980011
2357,0,0.002648,0.000172,0.997180
2358,0,0.002249,0.000154,0.997597
2359,0,0.008508,0.000159,0.991333
2360,0,0.001257,0.000228,0.998515
2361,0,0.001649,0.000172,0.998179
2362,0,0.001374,0.000219,0.998407
2363,1,0.952620,0.000433,0.046948
2364,1,0.763866,0.000643,0.235492
2365,1,0.958246,0.000257,0.041497
2366,1,0.987507,0.000217,0.012277
2367,1,0.936346,0.055140,0.008514
2368,0,0.004048,0.000211,0.995742
2369,1,0.752012,0.000439,0.247549
2370,0,0.105190,0.000298,0.894512
2371,1,0.811374,0.000397,0.188229
2372,1,0.997197,0.001263,0.001540
2373,1,0.092235,0.000265,0.907500
2374,0,0.034090,0.000195,0.965715
2375,1,0.964812,0.006173,0.029016
2376,1,0.996773,0.001432,0.001795
2377,1,0.349384,0.000466,0.650150
2378,1,0.031362,0.000197,0.968442
2379,0,0.016455,0.000185,0.983360
2380,1,0.996207,0.000899,0.002894
2381,1,0.989985,0.000259,0.009756
2382,0,0.040316,0.000168,0.959516
2383,0,0.017248,0.000160,0.982593
2384,0,0.422468,0.000311,0.577221
2385,1,0.995202,0.000843,0.003955
2386,0,0.003368,0.000209,0.996423
2387,1,0.002063,0.000168,0.997769
2388,0,0.033899,0.000968,0.965133
2389,0,0.002738,0.000155,0.997107
2390,0,0.956366,0.000313,0.043322
2391,1,0.624648,0.000411,0.374940
