run,macro_f1,argmax_flags,argmax_recall,auroc,avg_precision,recall@221,recall@315,recall@428,recall@fpr1%,recall@fpr2%,recall@fpr5%
main_0,0.7009,238,0.1597,0.7237,0.7132,0.1484,0.2031,0.2714,0.1169,0.1739,0.2939
main_1,0.7,315,0.1987,0.7028,0.6885,0.1447,0.2009,0.2624,0.0615,0.1514,0.2489
main_2,0.6921,428,0.2661,0.7587,0.7308,0.1432,0.1972,0.2661,0.0742,0.1447,0.2811
soft_uw1_0,0.7124,320,0.1912,0.7388,0.7019,0.1379,0.1874,0.2496,0.051,0.1019,0.2204
soft_uw1_1,0.7136,295,0.1897,0.7671,0.7431,0.1424,0.2024,0.2744,0.0667,0.1409,0.3306
soft_uw1_2,0.7148,221,0.1454,0.7453,0.7342,0.1439,0.2031,0.2654,0.1057,0.1529,0.2699
soft_off_0,0.7124,321,0.1964,0.746,0.7144,0.1402,0.1934,0.2624,0.0592,0.1012,0.2474
soft_off_1,0.7058,363,0.2264,0.7412,0.7201,0.1402,0.1987,0.2676,0.0982,0.1274,0.2736
soft_off_2,0.7145,254,0.1672,0.7542,0.7451,0.1507,0.2016,0.2729,0.1387,0.1664,0.3231
no_contrastive_0,0.6987,282,0.1859,0.729,0.7119,0.1447,0.2024,0.2646,0.0832,0.1619,0.2646
no_contrastive_1,0.6807,403,0.2406,0.7088,0.68,0.1379,0.1942,0.2541,0.0315,0.1057,0.2309
no_contrastive_2,0.6973,384,0.2286,0.7135,0.6883,0.1364,0.1949,0.2541,0.0472,0.1034,0.2256
