row_id,source_id,gold
0,acl10000,1
1,acl10001,0
2,acl10004,1
3,acl10005,1
4,acl10007,0
5,acl10008,1
6,acl10009,1
7,acl10010,1
8,acl10011,0
9,acl10012,1
10,acl10014,0
11,acl10015,1
12,acl10017,1
13,acl10018,0
14,acl10019,0
15,acl10020,0
16,acl10021,1
17,acl10023,1
18,acl10024,1
19,acl10026,0
20,acl10028,1
21,acl10030,1
22,acl10031,0
23,acl10034,1
24,acl10035,1
25,acl10036,1
26,acl10037,0
27,acl10039,1
28,acl10041,1
29,acl19156,0
30,acl19159,0
31,acl19160,0
32,acl19161,0
33,acl19162,1
34,acl19163,0
35,acl19164,1
36,acl19165,1
37,acl19166,1
38,acl19167,0
39,acl19170,0
40,acl19171,0
41,acl19175,0
42,acl19176,0
43,acl19178,0
44,acl19179,0
45,acl19181,1
46,acl19182,0
47,acl19184,1
48,acl19185,0
49,acl19186,1
50,acl19187,1
51,acl19188,0
52,acl19189,1
53,acl19190,1
54,acl19192,1
55,acl19193,1
56,acl19194,1
57,acl19195,0
58,acl19197,1
59,acl19198,1
60,acl19199,1
61,acl19200,1
62,acl19201,0
63,acl19202,1
64,acl19203,1
65,acl19205,0
66,acl19206,1
67,acl19207,1
68,acl19208,1
69,acl19211,1
70,acl19213,1
71,acl19214,1
72,acl19215,1
73,acl19216,1
74,acl19217,1
75,acl19218,1
76,acl19219,1
77,acl19220,1
78,acl19221,1
79,acl19222,1
80,acl19224,1
81,acl19225,1
82,acl19226,1
83,acl19229,1
84,acl19230,1
85,acl19231,1
86,acl19232,0
87,acl19233,1
88,acl19234,1
89,acl19235,1
90,acl19236,1
91,acl19237,1
92,acl19238,1
93,acl19241,1
94,acl19242,1
95,acl19244,1
96,acl19246,1
97,acl19247,1
98,acl19249,1
99,acl19250,1
100,acl19251,1
101,acl19252,0
102,acl19253,1
103,acl19255,1
104,acl19256,1
105,acl19257,1
106,acl19258,1
107,acl19260,1
108,acl19261,1
109,acl19262,1
110,acl19263,1
111,acl19264,1
112,acl19266,1
113,acl19268,1
114,acl19269,1
115,acl19271,0
116,acl19272,1
117,acl19273,1
118,acl19275,1
119,acl19276,1
120,acl19277,1
121,acl19278,1
122,acl19280,1
123,acl19281,1
124,acl19283,1
125,acl19284,1
126,acl19286,1
127,acl19287,1
128,acl19288,1
129,acl19289,1
130,acl19290,1
131,acl19291,1
132,acl19292,1
133,acl19293,1
134,acl19294,0
135,acl19295,0
136,acl19296,1
137,acl19298,0
138,acl19300,1
139,acl19302,0
140,acl19304,1
141,acl19305,1
142,acl19306,0
143,acl19307,0
144,acl19309,1
145,acl19310,1
146,acl19311,0
147,acl19312,1
148,acl19313,0
149,acl19316,1
150,acl19317,1
151,acl19319,1
152,acl19323,1
153,acl19324,1
154,acl19325,1
155,acl19326,1
156,acl19328,1
157,acl19329,1
158,acl19331,1
159,acl19332,1
160,acl19334,1
161,acl19335,1
162,acl19336,1
163,acl19338,1
164,acl19339,1
165,acl19340,1
166,acl19342,1
167,acl19343,1
168,acl19344,1
169,acl19345,1
170,acl19346,1
171,acl19348,1
172,acl19349,1
173,acl19353,1
174,acl19354,1
175,acl19355,1
176,acl19356,1
177,acl19357,1
178,acl19359,1
179,acl19360,1
180,acl19364,1
181,acl19365,1
182,acl19366,1
183,acl19368,1
184,acl19369,0
185,acl19370,0
186,acl19371,1
187,acl19372,1
188,acl19373,1
189,acl19374,1
190,acl19375,1
191,acl19376,1
192,acl19377,1
193,acl19378,1
194,acl19381,1
195,acl19382,1
196,acl19383,1
197,acl19384,1
198,acl19385,1
199,acl19387,1
200,acl19389,1
201,acl19390,1
202,acl19391,1
203,acl19393,1
204,acl19394,1
205,acl19395,1
206,acl19396,1
207,acl19398,1
208,acl19399,1
209,acl19400,1
210,acl19401,1
211,acl19402,1
212,acl19403,1
213,acl19404,0
214,acl19406,1
215,acl19407,1
216,acl19408,1
217,acl19411,1
218,acl19412,1
219,acl19413,1
220,acl19414,1
221,acl19415,1
222,acl19418,1
223,acl19420,1
224,acl19421,0
225,acl19423,1
226,acl19424,1
227,acl19425,1
228,acl19426,1
229,acl19430,1
230,acl19431,1
231,acl19432,1
232,acl19434,1
233,acl19435,1
234,acl19436,1
235,acl19437,1
236,acl19438,1
237,acl19439,1
238,acl19440,1
239,acl19441,1
240,acl19442,1
241,acl19445,1
242,acl19446,1
243,acl19447,1
244,acl19450,1
245,acl19451,1
246,acl19452,1
247,acl19453,1
248,acl19454,0
249,acl19455,1
250,acl19456,0
251,acl19458,1
252,acl19459,1
253,acl19460,1
254,acl19462,0
255,acl19463,0
256,acl19464,0
257,acl19465,1
258,acl19466,1
259,acl19467,1
260,acl19468,1
261,acl19469,1
262,acl19470,1
263,acl19471,1
264,acl19472,0
265,acl19473,0
266,acl19475,0
267,acl19476,1
268,acl19477,0
269,acl19478,0
270,acl19479,1
271,acl19481,1
272,acl19482,1
273,acl19483,0
274,acl19484,1
275,acl19485,0
276,acl19487,0
277,acl19488,0
278,acl19489,0
279,acl19490,0
280,acl19491,0
281,acl19492,0
282,acl19493,0
283,acl19494,0
284,acl19495,1
285,acl19496,0
286,acl19497,0
287,acl19498,0
288,acl19499,0
289,acl19500,0
290,acl19501,0
291,acl19502,0
292,acl19503,0
293,acl19504,0
294,acl19505,0
295,acl19506,1
296,acl19507,0
297,acl19508,0
298,acl19509,0
299,acl19510,0
300,acl19512,0
301,acl19513,0
302,acl19514,0
303,acl19515,1
304,acl19517,0
305,acl19518,0
306,acl19519,0
307,acl19521,0
308,acl19522,0
309,acl19524,1
310,acl19525,1
311,acl19527,1
312,acl19528,1
313,acl19529,1
314,acl19531,1
315,acl19532,0
316,acl19533,1
317,acl19535,1
318,acl19536,1
319,acl19537,0
320,acl19538,0
321,acl19539,0
322,acl19541,0
323,acl19542,0
324,acl19543,0
325,acl19544,0
326,acl19545,0
327,acl19546,1
328,acl19547,1
329,acl19548,1
330,acl19549,1
331,acl19550,1
332,acl19551,1
333,acl19552,1
334,acl19554,1
335,acl19555,1
336,acl19556,1
337,acl19557,1
338,acl19559,0
339,acl19560,0
340,acl19561,0
341,acl19563,0
342,acl19564,0
343,acl19565,0
344,acl19566,0
345,acl19567,0
346,acl19568,0
347,acl19569,0
348,acl19570,0
349,acl19573,0
350,acl19574,0
351,acl19575,0
352,acl19576,1
353,acl19577,0
354,acl19579,0
355,acl19580,0
356,acl19581,0
357,acl19583,0
358,acl19584,0
359,acl19585,0
360,acl19587,0
361,acl19588,0
362,acl19589,0
363,acl19590,0
364,acl19591,0
365,acl19592,0
366,acl19593,0
367,acl19594,0
368,acl19596,0
369,acl19597,0
370,acl19600,0
371,acl19601,0
372,acl19602,0
373,acl19606,0
374,acl19607,0
375,acl19608,0
376,acl19609,1
377,acl19611,1
378,acl19612,0
379,acl19613,1
380,acl19614,0
381,acl19615,0
382,acl19616,0
383,acl19619,1
384,acl19620,1
385,acl19621,1
386,acl19622,1
387,acl19624,1
388,acl19625,1
389,acl19626,0
390,acl19627,0
391,acl19628,0
392,acl19629,0
393,acl19631,1
394,acl19632,1
395,acl19633,1
396,acl19634,0
397,acl19635,1
398,acl19636,1
399,acl19637,1
400,acl19640,0
401,acl19641,0
402,acl19642,0
403,acl19643,0
404,acl19644,0
405,acl19645,0
406,acl19646,0
407,acl19647,0
408,acl19648,1
409,acl19649,0
410,acl19650,0
411,acl19651,0
412,acl19652,1
413,acl19653,1
414,acl19654,0
415,acl19655,0
416,acl19656,0
417,acl19657,0
418,acl19658,0
419,acl19659,1
420,acl19660,0
421,acl19661,0
422,acl19662,1
423,acl19665,0
424,acl19667,1
425,acl19668,0
426,acl19669,0
427,acl19670,0
428,acl19671,0
429,acl19672,0
430,acl19673,0
431,acl19674,0
432,acl19676,0
433,acl19677,0
434,acl19679,1
435,acl19682,0
436,acl19683,0
437,acl19687,1
438,acl19688,0
439,acl19689,1
440,acl19690,0
441,acl19691,0
442,acl19692,0
443,acl19693,0
444,acl19694,0
445,acl19695,0
446,acl19696,0
447,acl19698,0
448,acl19699,1
449,acl19700,1
450,acl19702,1
451,acl19703,0
452,acl19704,1
453,acl19707,1
454,acl19708,1
455,acl19709,1
456,acl19711,1
457,acl19714,1
458,acl19715,0
459,acl19716,1
460,acl19717,1
461,acl19718,0
462,acl19719,0
463,acl19720,0
464,acl19721,0
465,acl19722,0
466,acl19723,1
467,acl19724,0
468,acl19725,0
469,acl19726,0
470,acl19727,1
471,acl19728,1
472,acl19729,0
473,acl19732,1
474,acl19733,0
475,acl19734,0
476,acl19735,1
477,acl19736,0
478,acl19738,1
479,acl19739,0
480,acl19740,0
481,acl19743,1
482,acl19744,0
483,acl19745,0
484,acl19746,1
485,acl19747,0
486,acl19749,0
487,acl19750,0
488,acl19754,0
489,acl19755,1
490,acl19757,0
491,acl19758,0
492,acl19760,1
493,acl19761,1
494,acl19763,1
495,acl19764,1
496,acl19765,1
497,acl19766,0
498,acl19768,1
499,acl19770,0
500,acl19771,0
501,acl19772,1
502,acl19773,0
503,acl19774,0
504,acl19775,0
505,acl19777,1
506,acl19778,1
507,acl19780,1
508,acl19782,1
509,acl19783,1
510,acl19784,0
511,acl19785,0
512,acl19786,0
513,acl19787,0
514,acl19788,0
515,acl19789,0
516,acl19790,1
517,acl19791,0
518,acl19792,0
519,acl19796,0
520,acl19797,1
521,acl19798,1
522,acl19799,0
523,acl19800,1
524,acl19801,0
525,acl19802,0
526,acl19803,1
527,acl19804,0
528,acl19805,0
529,acl19806,1
530,acl19807,1
531,acl19808,1
532,acl19809,1
533,acl19810,1
534,acl19812,0
535,acl19813,0
536,acl19814,0
537,acl19815,1
538,acl19816,0
539,acl19817,0
540,acl19818,1
541,acl19819,0
542,acl19821,1
543,acl19823,1
544,acl19824,1
545,acl19825,1
546,acl19826,0
547,acl19827,1
548,acl19828,0
549,acl19829,1
550,acl19832,0
551,acl19833,1
552,acl19834,1
553,acl19835,0
554,acl19836,0
555,acl19837,0
556,acl19838,1
557,acl19839,0
558,acl19841,0
559,acl19842,1
560,acl19844,0
561,acl19846,1
562,acl19847,0
563,acl19849,0
564,acl19850,1
565,acl19851,0
566,acl19852,1
567,acl19853,1
568,acl19854,0
569,acl19856,1
570,acl19857,0
571,acl19859,0
572,acl19861,0
573,acl19862,1
574,acl19864,0
575,acl19865,1
576,acl19866,0
577,acl19870,1
578,acl19871,0
579,acl19872,1
580,acl19874,0
581,acl19876,1
582,acl19877,0
583,acl19878,0
584,acl19879,1
585,acl19880,1
586,acl19881,1
587,acl19882,0
588,acl19883,0
589,acl19884,0
590,acl19885,1
591,acl19886,0
592,acl19888,1
593,acl19889,1
594,acl19890,0
595,acl19891,0
596,acl19892,0
597,acl19895,0
598,acl19896,1
599,acl19897,1
600,acl19899,0
601,acl19901,0
602,acl19902,0
603,acl19903,0
604,acl19906,1
605,acl19908,0
606,acl19909,1
607,acl19911,0
608,acl19912,1
609,acl19913,0
610,acl19914,1
611,acl19915,0
612,acl19916,0
613,acl19917,0
614,acl19918,1
615,acl19919,1
616,acl19920,1
617,acl19921,0
618,acl19922,0
619,acl19923,0
620,acl19924,1
621,acl19925,0
622,acl19926,1
623,acl19927,0
624,acl19928,1
625,acl19931,0
626,acl19933,1
627,acl19936,1
628,acl19937,1
629,acl19938,1
630,acl19939,0
631,acl19941,1
632,acl19943,0
633,acl19946,0
634,acl19947,0
635,acl19948,0
636,acl19949,1
637,acl19950,0
638,acl19951,0
639,acl19953,0
640,acl19954,0
641,acl19955,0
642,acl19958,1
643,acl19960,0
644,acl19961,1
645,acl19962,0
646,acl19963,1
647,acl19965,0
648,acl19966,1
649,acl19968,0
650,acl19969,0
651,acl19970,1
652,acl19971,0
653,acl19972,0
654,acl19973,1
655,acl19974,0
656,acl19975,0
657,acl19977,0
658,acl19979,0
659,acl19980,0
660,acl19982,0
661,acl19983,1
662,acl19984,0
663,acl19985,0
664,acl19986,1
665,acl19988,0
666,acl19989,1
667,acl19991,1
668,acl19992,1
669,acl19993,0
670,acl19994,1
671,acl19996,0
672,acl19997,1
673,acl19998,0
674,acl19999,1
675,acl20000,0
676,acl20002,1
677,acl20003,0
678,acl20004,1
679,acl20005,0
680,acl20006,1
681,acl20007,1
682,acl20008,0
683,acl20009,0
684,acl20010,0
685,acl20011,1
686,acl20012,1
687,acl20013,0
688,acl20014,0
689,acl20015,0
690,acl20016,1
691,acl20017,1
692,acl20018,0
693,acl20019,0
694,acl20020,1
695,acl20021,1
696,acl20022,0
697,acl20023,0
698,acl20024,1
699,acl20025,1
700,acl20027,0
701,acl20028,0
702,acl20029,0
703,acl20030,1
704,acl20034,1
705,acl20036,1
706,acl20037,1
707,acl20038,0
708,acl20039,0
709,acl20040,1
710,acl20041,0
711,acl20042,0
712,acl20044,1
713,acl20046,0
714,acl20049,0
715,acl20050,0
716,acl20051,1
717,acl20052,1
718,acl20053,1
719,acl20055,1
720,acl20056,0
721,acl20059,1
722,acl20060,1
723,acl20061,1
724,acl20062,0
725,acl20063,1
726,acl20064,1
727,acl20065,0
728,acl20066,1
729,acl20067,0
730,acl20068,0
731,acl20070,0
732,acl20071,0
733,acl20075,1
734,acl20078,0
735,acl20079,0
736,acl20081,0
737,acl20082,0
738,acl20083,1
739,acl20084,1
740,acl20086,0
741,acl20087,0
742,acl20089,1
743,acl20091,0
744,acl20092,0
745,acl20093,0
746,acl20094,0
747,acl20095,1
748,acl20096,1
749,acl20097,0
750,acl20099,0
751,acl20101,0
752,acl20102,1
753,acl20104,1
754,acl20105,0
755,acl20106,1
756,acl20107,1
757,acl20109,0
758,acl20110,0
759,acl20111,0
760,acl20112,1
761,acl20113,0
762,acl20114,0
763,acl20115,0
764,acl20116,0
765,acl20117,0
766,acl20118,1
767,acl20119,1
768,acl20120,0
769,acl20121,0
770,acl20122,1
771,acl20123,0
772,acl20124,1
773,acl20125,0
774,acl20126,0
775,acl20127,0
776,acl20128,0
777,acl20130,0
778,acl20131,1
779,acl20132,0
780,acl20133,1
781,acl20134,0
782,acl20135,1
783,acl20136,0
784,acl20137,1
785,acl20138,1
786,acl20140,0
787,acl20142,0
788,acl20143,1
789,acl20144,1
790,acl20145,1
791,acl20147,1
792,acl20148,1
793,acl20149,0
794,acl20150,1
795,acl20151,0
796,acl20152,1
797,acl20153,0
798,acl20154,0
799,acl29114,0
800,acl29115,0
801,acl29117,0
802,acl29118,0
803,acl29119,0
804,acl29120,0
805,acl29122,0
806,acl29123,0
807,acl29125,0
808,acl29126,0
809,acl29127,0
810,acl29129,0
811,acl29130,0
812,acl29131,0
813,acl29133,0
814,acl29134,0
815,acl29136,0
816,acl29137,0
817,acl29139,0
818,acl29140,0
819,acl29142,0
820,acl29144,0
821,acl29145,0
822,acl29146,0
823,acl29147,0
824,acl29148,0
825,acl29149,0
826,acl29150,0
827,acl29151,0
828,acl29152,0
829,acl29154,0
830,acl29155,0
831,acl29156,0
832,acl29158,0
833,acl29159,0
834,acl29160,1
835,acl29161,0
836,acl29163,1
837,acl29164,0
838,acl29165,0
839,acl29166,0
840,acl29167,1
841,acl29168,0
842,acl29169,0
843,acl29170,0
844,acl29171,1
845,acl29172,0
846,acl29174,0
847,acl29175,0
848,acl29177,0
849,acl29178,0
850,acl29179,0
851,acl29180,0
852,acl29181,0
853,acl29185,0
854,acl29186,0
855,acl29187,0
856,acl29188,1
857,acl29189,1
858,acl29190,0
859,acl29191,0
860,acl29192,0
861,acl29193,0
862,acl29194,0
863,acl29195,1
864,acl29197,0
865,acl29198,1
866,acl29200,0
867,acl29201,0
868,acl29202,0
869,acl29204,0
870,acl29206,0
871,acl29207,1
872,acl29208,0
873,acl29209,0
874,acl29210,0
875,acl29211,0
876,acl29212,0
877,acl29213,0
878,acl29214,0
879,acl29216,0
880,acl29217,1
881,acl29218,0
882,acl29219,0
883,acl29220,0
884,acl29221,0
885,acl29222,0
886,acl29224,0
887,acl29225,0
888,acl29226,0
889,acl29227,0
890,acl29228,0
891,acl29229,0
892,acl29230,0
893,acl29231,0
894,acl29232,0
895,acl29234,0
896,acl29235,0
897,acl29236,0
898,acl29237,0
899,acl29238,0
900,acl29240,1
901,acl29241,0
902,acl29242,0
903,acl29243,0
904,acl29244,0
905,acl29245,0
906,acl29250,0
907,acl29251,0
908,acl29252,0
909,acl29253,0
910,acl29254,0
911,acl29255,0
912,acl29256,0
913,acl29257,1
914,acl29258,0
915,acl29259,0
916,acl29260,0
917,acl29262,0
918,acl29264,0
919,acl29265,0
920,acl29266,0
921,acl29267,0
922,acl29268,1
923,acl29269,1
924,acl29270,0
925,acl29271,1
926,acl29273,1
927,acl29274,1
928,acl29275,1
929,acl29276,1
930,acl29277,1
931,acl29278,0
932,acl29279,0
933,acl29280,1
934,acl29281,0
935,acl29284,0
936,acl29285,1
937,acl29286,0
938,acl29287,0
939,acl29288,0
940,acl29289,0
941,acl29291,0
942,acl29292,0
943,acl29293,0
944,acl29294,0
945,acl29295,0
946,acl29296,0
947,acl29297,0
948,acl29299,0
949,acl29300,0
950,acl29301,0
951,acl29303,0
952,acl29304,1
953,acl29305,0
954,acl29306,0
955,acl29307,0
956,acl29310,1
957,acl29311,1
958,acl29312,1
959,acl29313,1
960,acl29314,1
961,acl29315,0
962,acl29316,0
963,acl29317,0
964,acl29319,0
965,acl29321,1
966,acl29322,0
967,acl29323,0
968,acl29325,1
969,acl29326,1
970,acl29327,1
971,acl29329,0
972,acl29331,0
973,acl29333,1
974,acl29334,1
975,acl29335,0
976,acl29336,1
977,acl29337,0
978,acl29338,0
979,acl29339,1
980,acl29341,0
981,acl29342,1
982,acl29344,0
983,acl29346,0
984,acl29347,0
985,acl29348,0
986,acl29350,0
987,acl29351,0
988,acl29352,0
989,acl29353,0
990,acl29354,1
991,acl29355,1
992,acl29356,1
993,acl29358,0
994,acl29361,0
995,acl29362,0
996,acl29363,1
997,acl29369,1
998,acl29370,0
999,acl29371,0
1000,acl29372,1
1001,acl29374,0
1002,acl29379,1
1003,acl29380,1
1004,acl29381,1
1005,acl29383,1
1006,acl29385,0
1007,acl29386,1
1008,acl29387,1
1009,acl29388,0
1010,acl29391,1
1011,acl29392,1
1012,acl29394,1
1013,acl29397,0
1014,acl29399,0
1015,acl29400,0
1016,acl29401,1
1017,acl29402,0
1018,acl29403,1
1019,acl29404,1
1020,acl29405,0
1021,acl29406,0
1022,acl29407,0
1023,acl29408,1
1024,acl29409,0
1025,acl29410,0
1026,acl29411,0
1027,acl29412,1
1028,acl29415,0
1029,acl29416,0
1030,acl29417,0
1031,acl29419,0
1032,acl29420,0
1033,acl29421,1
1034,acl29425,1
1035,acl29426,0
1036,acl29427,0
1037,acl29428,0
1038,acl29429,0
1039,acl29431,1
1040,acl29434,0
1041,acl29435,0
1042,acl29436,1
1043,acl29437,0
1044,acl29438,0
1045,acl29439,0
1046,acl29440,0
1047,acl29441,0
1048,acl29442,0
1049,acl29443,0
1050,acl29444,0
1051,acl29445,0
1052,acl29447,0
1053,acl29448,1
1054,acl29449,1
1055,acl29450,1
1056,acl29451,1
1057,acl29457,0
1058,acl29458,0
1059,acl29461,1
1060,acl29462,1
1061,acl29465,1
1062,acl29466,0
1063,acl29467,1
1064,acl29468,1
1065,acl29469,0
1066,acl29470,0
1067,acl29471,0
1068,acl29472,1
1069,acl29475,0
1070,acl29476,0
1071,acl29477,1
1072,acl29478,1
1073,acl29479,0
1074,acl29480,0
1075,acl29481,0
1076,acl29482,0
1077,acl29485,1
1078,acl29486,0
1079,acl29488,0
1080,acl29490,0
1081,acl29491,0
1082,acl29492,1
1083,acl29493,0
1084,acl29494,0
1085,acl29495,0
1086,acl29496,0
1087,acl29497,1
1088,acl29498,1
1089,acl29500,1
1090,acl29501,1
1091,acl29503,0
1092,acl29504,0
1093,acl29505,1
1094,acl29506,1
1095,acl29507,0
1096,acl29508,0
1097,acl29509,0
1098,acl29510,0
1099,acl29511,0
1100,acl29512,0
1101,acl29513,0
1102,acl29515,0
1103,acl29516,1
1104,acl29517,0
1105,acl29518,1
1106,acl29519,1
1107,acl29520,0
1108,acl29521,0
1109,acl29522,0
1110,acl29524,0
1111,acl29525,0
1112,acl29526,0
1113,acl29528,0
1114,acl29529,0
1115,acl29530,0
1116,acl29531,0
1117,acl29532,0
1118,acl29533,0
1119,acl29534,1
1120,acl29536,1
1121,acl29538,0
1122,acl29539,1
1123,acl29540,1
1124,acl29543,0
1125,acl29544,0
1126,acl29545,1
1127,acl29547,0
1128,acl29549,0
1129,acl29550,0
1130,acl29552,0
1131,acl29553,0
1132,acl29554,1
1133,acl29555,1
1134,acl29557,0
1135,acl29560,0
1136,acl29563,0
1137,acl29564,0
1138,acl29566,1
1139,acl29567,0
1140,acl29568,0
1141,acl29569,0
1142,acl29570,0
1143,acl29571,0
1144,acl29572,1
1145,acl29573,1
1146,acl29574,1
1147,acl29575,0
1148,acl29576,0
1149,acl29577,0
1150,acl29578,1
1151,acl29579,1
1152,acl29580,0
1153,acl29581,0
1154,acl29582,0
1155,acl29585,1
1156,acl29587,0
1157,acl29588,0
1158,acl29590,0
1159,acl29591,0
1160,acl29594,0
1161,acl29596,1
1162,acl29598,1
1163,acl29599,0
1164,acl29600,1
1165,acl29601,1
1166,acl29602,1
1167,acl29604,1
1168,acl29607,0
1169,acl29608,1
1170,acl29610,1
1171,acl29611,1
1172,acl29613,1
1173,acl29616,1
1174,acl29617,0
1175,acl29618,1
1176,acl29619,0
1177,acl29621,1
1178,acl29624,1
1179,acl29625,0
1180,acl29626,0
1181,acl29628,0
1182,acl29629,0
1183,acl29631,0
1184,acl29632,0
1185,acl29633,0
1186,acl29634,0
1187,acl29635,1
1188,acl29636,1
1189,acl29637,0
1190,acl29638,0
1191,acl29639,0
1192,acl29640,1
1193,acl29642,1
1194,acl29643,0
1195,acl29644,0
1196,acl29645,1
1197,acl29646,1
1198,acl29650,1
1199,acl29651,1
1200,acl29652,1
1201,acl29653,1
1202,acl29657,1
1203,acl29658,1
1204,acl29661,1
1205,acl29663,1
1206,acl29664,1
1207,acl29665,1
1208,acl29667,1
1209,acl29668,1
1210,acl29670,1
1211,acl29671,1
1212,acl29672,1
1213,acl29673,1
1214,acl29674,1
1215,acl29675,1
1216,acl29676,1
1217,acl29677,1
1218,acl29678,1
1219,acl29681,1
1220,acl29682,1
1221,acl29683,1
1222,acl29684,1
1223,acl29685,1
1224,acl29686,1
1225,acl29689,1
1226,acl29694,1
1227,acl29696,1
1228,acl29697,1
1229,acl29699,1
1230,acl29701,1
1231,acl29703,1
1232,acl29704,1
1233,acl29705,1
1234,acl29706,1
1235,acl29707,1
1236,acl29708,1
1237,acl29709,1
1238,acl29710,1
1239,acl29711,0
1240,acl29712,1
1241,acl29713,1
1242,acl29715,1
1243,acl29721,1
1244,acl29722,1
1245,acl29723,1
1246,acl29724,1
1247,acl29725,1
1248,acl29727,0
1249,acl29728,1
1250,acl29729,1
1251,acl29731,1
1252,acl29732,1
1253,acl29735,1
1254,acl29738,0
1255,acl29739,0
1256,acl29740,0
1257,acl29741,0
1258,acl29743,1
1259,acl29744,0
1260,acl29746,1
1261,acl29748,1
1262,acl29749,1
1263,acl29751,0
1264,acl29753,0
1265,acl29758,0
1266,acl29759,1
1267,acl29760,0
1268,acl29762,0
1269,acl29763,0
1270,acl29764,1
1271,acl29765,0
1272,acl29766,0
1273,acl29767,0
1274,acl29768,0
1275,acl29771,0
1276,acl29774,1
1277,acl29775,1
1278,acl29776,1
1279,acl29778,1
1280,acl29779,0
1281,acl29781,0
1282,acl29782,1
1283,acl29783,0
1284,acl29784,1
1285,acl29785,1
1286,acl29786,0
1287,acl29787,0
1288,acl29790,0
1289,acl29793,0
1290,acl29794,1
1291,acl29795,0
1292,acl29796,0
1293,acl29797,1
1294,acl29798,1
1295,acl29799,0
1296,acl29800,1
1297,acl29801,0
1298,acl29802,1
1299,acl29804,0
1300,acl29805,0
1301,acl29806,1
1302,acl29807,1
1303,acl29808,1
1304,acl29809,0
1305,acl29811,0
1306,acl29812,0
1307,acl29813,0
1308,acl29815,1
1309,acl29816,1
1310,acl29817,0
1311,acl29818,0
1312,acl29820,1
1313,acl29821,0
1314,acl29822,0
1315,acl29823,1
1316,acl29827,0
1317,acl29828,1
1318,acl29829,1
1319,acl29830,0
1320,acl29831,0
1321,acl29832,0
1322,acl29833,1
1323,acl29834,0
1324,acl29835,0
1325,acl29836,0
1326,acl29837,1
1327,acl29838,0
1328,acl29839,0
1329,acl29840,1
1330,acl29841,1
1331,acl29842,0
1332,acl29845,1
1333,acl29846,1
1334,acl29847,0
1335,acl29848,0
1336,acl29849,1
1337,acl29850,0
1338,acl29852,0
1339,acl29855,1
1340,acl29856,1
1341,acl29859,1
1342,acl29860,0
1343,acl29861,0
1344,acl29862,0
1345,acl29863,1
1346,acl29864,1
1347,acl29866,1
1348,acl29870,0
1349,acl29871,1
1350,acl29872,0
1351,acl29873,1
1352,acl29874,1
1353,acl29876,0
1354,acl29877,1
1355,acl29878,1
1356,acl29879,1
1357,acl29880,1
1358,acl29881,1
1359,acl29882,0
1360,acl29883,1
1361,acl29885,0
1362,acl29886,1
1363,acl29888,0
1364,acl29889,0
1365,acl29890,1
1366,acl29891,0
1367,acl29893,1
1368,acl29894,1
1369,acl29895,1
1370,acl29897,0
1371,acl29898,1
1372,acl29906,0
1373,acl29907,0
1374,acl29908,0
1375,acl29909,0
1376,acl29912,1
1377,acl29914,1
1378,acl29916,0
1379,acl29917,1
1380,acl29918,1
1381,acl29919,1
1382,acl29922,0
1383,acl29923,1
1384,acl29924,0
1385,acl29930,1
1386,acl29931,0
1387,acl29932,0
1388,acl29933,1
1389,acl29934,0
1390,acl29935,0
1391,acl29937,0
1392,acl29938,1
1393,acl29940,0
1394,acl29941,0
1395,acl29942,1
1396,acl29944,0
1397,acl29945,1
1398,acl29947,0
1399,acl29948,1
1400,acl29949,1
1401,acl29950,0
1402,acl29951,1
1403,acl29952,1
1404,acl29953,0
1405,acl29955,1
1406,acl29957,1
1407,acl29958,1
1408,acl29959,1
1409,acl29960,0
1410,acl29961,1
1411,acl29962,0
1412,acl29963,1
1413,acl29964,0
1414,acl29965,0
1415,acl29966,0
1416,acl29968,0
1417,acl29969,0
1418,acl29970,0
1419,acl29972,1
1420,acl29973,1
1421,acl29974,0
1422,acl29975,0
1423,acl29976,0
1424,acl29978,0
1425,acl29980,0
1426,acl29981,0
1427,acl29982,0
1428,acl29983,1
1429,acl29985,1
1430,acl29986,1
1431,acl29987,1
1432,acl29988,0
1433,acl29989,0
1434,acl29990,1
1435,acl29991,0
1436,acl29992,0
1437,acl29995,0
1438,acl29996,0
1439,acl29997,1
1440,acl29998,0
1441,acl29999,0
1442,acl30000,0
1443,acl30001,0
1444,acl30002,0
1445,acl30003,0
1446,acl30004,0
1447,acl30005,0
1448,acl30006,1
1449,acl30008,1
1450,acl30009,1
1451,acl30011,0
1452,acl30013,0
1453,acl30014,1
1454,acl30015,1
1455,acl30018,1
1456,acl30019,1
1457,acl30020,0
1458,acl30021,0
1459,acl30023,0
1460,acl30024,0
1461,acl30026,1
1462,acl30027,1
1463,acl30028,0
1464,acl30030,0
1465,acl30031,0
1466,acl30033,0
1467,acl30034,0
1468,acl30036,1
1469,acl30037,1
1470,acl30038,0
1471,acl30040,0
1472,acl30041,0
1473,acl30042,1
1474,acl30043,0
1475,acl30044,0
1476,acl30045,0
1477,acl30046,1
1478,acl30047,0
1479,acl30048,0
1480,acl30049,0
1481,acl30050,0
1482,acl30052,0
1483,acl30053,1
1484,acl30055,0
1485,acl30057,1
1486,acl30058,1
1487,acl30064,0
1488,acl30065,0
1489,acl30067,0
1490,acl30068,1
1491,acl30069,1
1492,acl30071,0
1493,acl30072,0
1494,acl30073,0
1495,acl30074,0
1496,acl30075,0
1497,acl30076,1
1498,acl30077,0
1499,acl30078,0
1500,acl30079,0
1501,acl30080,0
1502,acl30081,0
1503,acl30082,1
1504,acl30085,1
1505,acl30087,1
1506,acl30088,0
1507,acl30090,0
1508,acl30091,1
1509,acl30093,1
1510,acl30094,0
1511,acl30096,0
1512,acl30097,0
1513,acl30098,1
1514,acl30099,0
1515,acl30100,1
1516,acl30102,0
1517,acl30104,0
1518,acl30105,1
1519,acl30106,0
1520,acl30107,0
1521,acl30108,1
1522,acl39226,0
1523,acl39227,0
1524,acl39228,0
1525,acl39229,0
1526,acl39230,0
1527,acl39231,0
1528,acl39232,0
1529,acl39233,0
1530,acl39234,0
1531,acl39235,0
1532,acl39237,0
1533,acl39238,0
1534,acl39239,0
1535,acl39240,0
1536,acl39241,0
1537,acl39242,0
1538,acl39243,0
1539,acl39244,0
1540,acl39245,0
1541,acl39246,0
1542,acl39247,0
1543,acl39248,0
1544,acl39249,0
1545,acl39250,0
1546,acl39251,0
1547,acl39252,0
1548,acl39254,0
1549,acl39256,0
1550,acl39259,0
1551,acl39260,0
1552,acl39263,0
1553,acl39264,0
1554,acl39265,0
1555,acl39267,0
1556,acl39268,0
1557,acl39270,0
1558,acl39271,0
1559,acl39272,0
1560,acl39273,0
1561,acl39274,0
1562,acl39275,0
1563,acl39276,0
1564,acl39277,0
1565,acl39278,0
1566,acl39280,0
1567,acl39281,0
1568,acl39282,0
1569,acl39283,0
1570,acl39284,0
1571,acl39287,0
1572,acl39288,0
1573,acl39289,0
1574,acl39290,0
1575,acl39291,0
1576,acl39293,0
1577,acl39294,0
1578,acl39295,0
1579,acl39296,0
1580,acl39298,0
1581,acl39299,0
1582,acl39302,0
1583,acl39303,0
1584,acl39304,0
1585,acl39306,0
1586,acl39307,0
1587,acl39308,0
1588,acl39309,0
1589,acl39310,0
1590,acl39311,0
1591,acl39313,0
1592,acl39314,0
1593,acl39315,0
1594,acl39316,0
1595,acl39318,0
1596,acl39319,0
1597,acl39320,0
1598,acl39321,0
1599,acl39322,0
1600,acl39324,0
1601,acl39325,0
1602,acl39327,0
1603,acl39328,1
1604,acl39329,1
1605,acl39330,1
1606,acl39331,1
1607,acl39334,1
1608,acl39335,1
1609,acl39336,0
1610,acl39339,1
1611,acl39341,1
1612,acl39342,1
1613,acl39345,1
1614,acl39346,0
1615,acl39347,1
1616,acl39348,0
1617,acl39351,0
1618,acl39352,1
1619,acl39354,1
1620,acl39355,1
1621,acl39356,1
1622,acl39359,1
1623,acl39360,1
1624,acl39361,1
1625,acl39362,0
1626,acl39365,1
1627,acl39366,1
1628,acl39367,1
1629,acl39368,1
1630,acl39369,1
1631,acl39371,1
1632,acl39372,1
1633,acl39373,1
1634,acl39376,1
1635,acl39378,1
1636,acl39379,0
1637,acl39382,0
1638,acl39384,1
1639,acl39385,1
1640,acl39386,1
1641,acl39387,1
1642,acl39388,0
1643,acl39389,1
1644,acl39391,1
1645,acl39392,1
1646,acl39393,1
1647,acl39394,1
1648,acl39396,1
1649,acl39397,1
1650,acl39398,0
1651,acl39399,1
1652,acl39400,1
1653,acl39401,1
1654,acl39403,1
1655,acl39404,1
1656,acl39405,1
1657,acl39407,1
1658,acl39408,1
1659,acl39411,1
1660,acl39412,1
1661,acl39415,0
1662,acl39416,1
1663,acl39417,0
1664,acl39420,1
1665,acl39421,1
1666,acl39422,1
1667,acl39423,1
1668,acl39424,0
1669,acl39425,1
1670,acl39427,1
1671,acl39428,0
1672,acl39429,1
1673,acl39430,0
1674,acl39431,0
1675,acl39432,0
1676,acl39434,0
1677,acl39435,0
1678,acl39436,0
1679,acl39437,0
1680,acl39439,0
1681,acl39440,0
1682,acl39441,0
1683,acl39442,0
1684,acl39443,0
1685,acl39444,0
1686,acl39445,0
1687,acl39446,0
1688,acl39447,0
1689,acl39448,0
1690,acl39449,0
1691,acl39450,0
1692,acl39453,0
1693,acl39454,0
1694,acl39456,0
1695,acl39457,0
1696,acl39460,0
1697,acl39461,0
1698,acl39462,0
1699,acl39463,0
1700,acl39466,0
1701,acl39467,0
1702,acl39468,0
1703,acl39469,0
1704,acl39470,0
1705,acl39471,0
1706,acl39473,0
1707,acl39474,0
1708,acl39479,0
1709,acl39480,1
1710,acl39481,1
1711,acl39483,1
1712,acl39489,1
1713,acl39495,1
1714,acl39496,0
1715,acl39498,1
1716,acl39499,1
1717,acl39500,1
1718,acl39501,0
1719,acl39503,1
1720,acl39504,1
1721,acl39505,1
1722,acl39509,1
1723,acl39510,0
1724,acl39511,1
1725,acl39512,1
1726,acl39514,1
1727,acl39516,1
1728,acl39517,1
1729,acl39518,1
1730,acl39519,1
1731,acl39520,1
1732,acl39522,1
1733,acl39523,1
1734,acl39525,0
1735,acl39527,1
1736,acl39529,1
1737,acl39533,1
1738,acl39534,1
1739,acl39537,1
1740,acl39538,1
1741,acl39539,1
1742,acl39541,0
1743,acl39542,1
1744,acl39544,1
1745,acl39545,0
1746,acl39547,1
1747,acl39548,0
1748,acl39551,1
1749,acl39553,1
1750,acl39555,1
1751,acl39556,1
1752,acl39557,1
1753,acl39559,1
1754,acl39560,1
1755,acl39563,0
1756,acl39566,1
1757,acl39570,0
1758,acl39571,0
1759,acl39572,1
1760,acl39574,1
1761,acl39575,0
1762,acl39576,0
1763,acl39577,1
1764,acl39578,1
1765,acl39580,1
1766,acl39581,1
1767,acl39583,0
1768,acl39584,1
1769,acl39585,1
1770,acl39586,0
1771,acl39587,1
1772,acl39588,1
1773,acl39589,1
1774,acl39590,1
1775,acl39591,1
1776,acl39592,1
1777,acl39594,1
1778,acl39596,1
1779,acl39598,1
1780,acl39599,1
1781,acl39601,1
1782,acl39602,1
1783,acl39604,1
1784,acl39605,1
1785,acl39606,1
1786,acl39608,1
1787,acl39611,1
1788,acl39612,1
1789,acl39613,0
1790,acl39616,1
1791,acl39617,1
1792,acl39619,1
1793,acl39621,1
1794,acl39622,1
1795,acl39624,1
1796,acl39626,1
1797,acl39627,1
1798,acl39628,0
1799,acl39629,1
1800,acl39630,1
1801,acl39631,1
1802,acl39632,1
1803,acl39637,1
1804,acl39639,0
1805,acl39640,1
1806,acl39641,1
1807,acl39643,1
1808,acl39644,1
1809,acl39645,1
1810,acl39646,0
1811,acl39648,0
1812,acl39649,0
1813,acl39650,0
1814,acl39651,0
1815,acl39652,0
1816,acl39653,0
1817,acl39654,0
1818,acl39655,0
1819,acl39657,0
1820,acl39658,0
1821,acl39659,1
1822,acl39661,1
1823,acl39662,1
1824,acl39663,1
1825,acl39664,1
1826,acl39666,1
1827,acl39667,1
1828,acl39669,0
1829,acl39673,0
1830,acl39676,1
1831,acl39677,1
1832,acl39679,1
1833,acl39680,1
1834,acl39681,1
1835,acl39682,0
1836,acl39683,0
1837,acl39684,1
1838,acl39687,1
1839,acl39689,1
1840,acl39690,1
1841,acl39693,1
1842,acl39694,1
1843,acl39695,1
1844,acl39696,1
1845,acl39697,1
1846,acl39698,0
1847,acl39699,1
1848,acl39700,1
1849,acl39701,1
1850,acl39702,1
1851,acl39703,1
1852,acl39704,1
1853,acl39707,1
1854,acl39710,1
1855,acl39711,1
1856,acl39712,1
1857,acl39713,1
1858,acl39714,1
1859,acl39715,1
1860,acl39716,1
1861,acl39717,1
1862,acl39718,1
1863,acl39719,1
1864,acl39721,0
1865,acl39722,1
1866,acl39723,1
1867,acl39724,1
1868,acl39725,1
1869,acl39726,1
1870,acl39727,1
1871,acl39729,1
1872,acl39731,1
1873,acl39733,1
1874,acl39734,0
1875,acl39735,0
1876,acl39737,0
1877,acl39738,0
1878,acl39739,0
1879,acl39740,0
1880,acl39741,0
1881,acl39742,0
1882,acl39743,0
1883,acl39744,0
1884,acl39745,0
1885,acl39746,0
1886,acl39747,0
1887,acl39748,0
1888,acl39750,0
1889,acl39751,0
1890,acl39752,0
1891,acl39753,0
1892,acl39754,0
1893,acl39755,0
1894,acl39756,0
1895,acl39758,0
1896,acl39759,0
1897,acl39761,0
1898,acl39762,0
1899,acl39763,0
1900,acl39764,0
1901,acl39765,0
1902,acl39767,0
1903,acl39768,0
1904,acl39769,0
1905,acl39770,0
1906,acl39771,0
1907,acl39772,0
1908,acl39773,0
1909,acl39774,0
1910,acl39775,0
1911,acl39776,0
1912,acl39777,0
1913,acl39778,0
1914,acl39779,0
1915,acl39781,0
1916,acl39782,0
1917,acl39784,0
1918,acl39785,0
1919,acl39786,0
1920,acl39787,0
1921,acl39788,0
1922,acl39789,0
1923,acl39791,0
1924,acl39793,0
1925,acl39794,0
1926,acl39795,0
1927,acl39797,0
1928,acl39800,0
1929,acl39801,0
1930,acl39802,0
1931,acl39803,0
1932,acl39804,0
1933,acl39805,0
1934,acl39807,0
1935,acl39810,0
1936,acl39811,0
1937,acl39812,0
1938,acl39813,0
1939,acl39814,0
1940,acl39815,0
1941,acl39816,0
1942,acl39818,0
1943,acl39819,0
1944,acl39820,0
1945,acl39821,0
1946,acl39822,0
1947,acl39823,0
1948,acl39825,0
1949,acl39826,0
1950,acl39827,0
1951,acl39828,0
1952,acl39829,0
1953,acl39830,0
1954,acl39831,0
1955,acl39832,0
1956,acl39834,0
1957,acl39835,0
1958,acl39837,0
1959,acl39838,0
1960,acl39840,0
1961,acl39841,0
1962,acl39843,1
1963,acl39844,0
1964,acl39847,1
1965,acl39848,0
1966,acl39849,1
1967,acl39850,1
1968,acl39851,1
1969,acl39852,0
1970,acl39853,0
1971,acl39854,0
1972,acl39855,1
1973,acl39857,0
1974,acl39858,1
1975,acl39859,0
1976,acl39860,1
1977,acl39861,1
1978,acl39863,1
1979,acl39864,0
1980,acl39866,0
1981,acl39867,0
1982,acl39868,1
1983,acl39870,0
1984,acl39871,0
1985,acl39872,0
1986,acl39873,0
1987,acl39874,0
1988,acl39875,0
1989,acl39876,0
1990,acl39877,0
1991,acl39878,0
1992,acl39880,1
1993,acl39881,0
1994,acl39883,1
1995,acl39885,0
1996,acl39887,0
1997,acl39888,0
1998,acl39889,0
1999,acl39892,0
2000,acl39893,0
2001,acl39894,0
2002,acl39895,1
2003,acl39896,0
2004,acl39897,1
2005,acl39898,1
2006,acl39901,1
2007,acl39902,1
2008,acl39903,0
2009,acl39904,0
2010,acl39905,1
2011,acl39906,0
2012,acl39907,1
2013,acl39908,0
2014,acl39909,1
2015,acl39910,1
2016,acl39912,0
2017,acl39913,0
2018,acl39915,1
2019,acl39916,1
2020,acl39917,1
2021,acl39918,0
2022,acl39919,0
2023,acl39920,0
2024,acl39922,0
2025,acl39923,1
2026,acl39925,1
2027,acl39926,0
2028,acl39927,0
2029,acl39928,0
2030,acl39929,0
2031,acl39930,0
2032,acl39932,1
2033,acl39934,1
2034,acl39935,1
2035,acl39937,0
2036,acl39938,0
2037,acl39939,1
2038,acl39941,0
2039,acl39944,1
2040,acl39945,1
2041,acl39946,1
2042,acl39947,1
2043,acl39948,1
2044,acl39949,0
2045,acl39951,0
2046,acl39952,0
2047,acl39953,1
2048,acl39954,0
2049,acl39956,0
2050,acl39958,0
2051,acl39959,0
2052,acl39960,0
2053,acl39961,0
2054,acl39964,0
2055,acl39965,1
2056,acl39966,1
2057,acl39967,0
2058,acl39968,0
2059,acl39970,0
2060,acl39972,0
2061,acl39975,1
2062,acl39976,1
2063,acl39977,1
2064,acl39979,0
2065,acl39980,0
2066,acl39981,0
2067,acl39983,0
2068,acl39984,0
2069,acl39986,0
2070,acl39987,1
2071,acl39988,0
2072,acl39989,0
2073,acl39990,1
2074,acl39991,0
2075,acl39993,1
2076,acl39994,0
2077,acl39995,1
2078,acl39996,1
2079,acl39997,1
2080,acl39998,1
2081,acl40000,0
2082,acl40001,0
2083,acl40002,0
2084,acl40003,0
2085,acl40004,0
2086,acl40005,1
2087,acl40006,0
2088,acl40007,1
2089,acl40009,1
2090,acl40010,1
2091,acl40011,0
2092,acl40012,0
2093,acl40013,0
2094,acl40014,1
2095,acl40017,1
2096,acl40018,0
2097,acl40019,0
2098,acl40021,1
2099,acl40024,1
2100,acl40025,1
2101,acl40027,0
2102,acl40030,0
2103,acl40031,0
2104,acl40032,0
2105,acl40034,0
2106,acl40036,0
2107,acl40037,1
2108,acl40038,0
2109,acl40039,0
2110,acl40041,1
2111,acl40043,1
2112,acl40046,1
2113,acl40047,1
2114,acl40048,1
2115,acl40049,1
2116,acl40053,0
2117,acl40055,0
2118,acl40056,1
2119,acl40058,1
2120,acl40059,0
2121,acl40060,0
2122,acl40061,1
2123,acl40062,0
2124,acl40063,1
2125,acl40064,1
2126,acl40065,0
2127,acl40066,0
2128,acl40067,0
2129,acl40068,0
2130,acl40069,1
2131,acl40070,0
2132,acl40071,1
2133,acl40073,1
2134,acl40074,1
2135,acl40075,1
2136,acl40076,0
2137,acl40077,0
2138,acl40078,1
2139,acl40080,0
2140,acl40081,0
2141,acl40082,1
2142,acl40083,0
2143,acl40085,1
2144,acl40087,1
2145,acl40088,0
2146,acl40089,0
2147,acl40090,0
2148,acl40091,1
2149,acl40093,1
2150,acl40094,0
2151,acl40095,0
2152,acl40097,1
2153,acl40099,1
2154,acl40102,1
2155,acl40103,0
2156,acl40104,1
2157,acl40106,0
2158,acl40107,0
2159,acl40108,1
2160,acl40110,1
2161,acl40111,0
2162,acl40113,0
2163,acl40114,0
2164,acl40115,0
2165,acl40116,1
2166,acl40118,0
2167,acl40120,1
2168,acl40121,0
2169,acl40122,1
2170,acl40125,0
2171,acl40126,1
2172,acl40128,0
2173,acl40130,0
2174,acl40131,0
2175,acl40132,1
2176,acl40133,0
2177,acl40134,1
2178,acl40135,1
2179,acl40136,0
2180,acl40137,1
2181,acl40138,0
2182,acl40140,0
2183,acl40141,0
2184,acl40143,0
2185,acl40144,1
2186,acl40145,1
2187,acl40147,1
2188,acl40148,1
2189,acl40149,0
2190,acl40152,0
2191,acl40153,0
2192,acl40155,0
2193,acl40156,0
2194,acl40157,0
2195,acl40158,0
2196,acl40159,0
2197,acl40161,0
2198,acl40162,0
2199,acl40163,1
2200,acl40164,0
2201,acl40166,0
2202,acl40167,0
2203,acl40168,0
2204,acl40169,1
2205,acl40171,1
2206,acl40173,0
2207,acl40174,1
2208,acl40175,0
2209,acl40177,1
2210,acl40178,1
2211,acl40180,1
2212,acl40181,1
2213,acl40182,1
2214,acl40183,1
2215,acl40185,1
2216,acl40186,1
2217,acl40187,0
2218,acl40188,1
2219,acl40193,1
2220,acl40194,0
2221,acl40195,0
2222,acl40196,0
2223,acl40197,0
2224,acl40198,0
2225,acl40199,1
2226,acl40200,0
2227,acl40203,1
2228,acl40204,0
2229,acl40205,0
2230,acl40207,0
2231,acl40209,1
2232,acl40211,0
2233,acl40212,0
2234,acl40214,1
2235,acl40217,0
2236,acl40218,0
2237,acl40219,0
2238,acl40220,0
2239,acl40221,0
2240,acl40222,1
2241,acl40223,0
2242,acl40226,0
2243,acl40228,0
2244,acl40229,0
2245,acl40231,1
2246,acl40232,0
2247,acl40234,0
2248,acl40236,0
2249,acl40237,1
2250,acl40238,1
2251,acl40240,0
2252,acl8928,0
2253,acl8931,1
2254,acl8932,0
2255,acl8933,1
2256,acl8935,0
2257,acl8937,0
2258,acl8939,0
2259,acl8940,0
2260,acl8941,0
2261,acl8942,0
2262,acl8944,1
2263,acl8946,1
2264,acl8947,1
2265,acl8948,1
2266,acl8949,1
2267,acl8950,1
2268,acl8953,1
2269,acl8954,1
2270,acl8955,1
2271,acl8956,1
2272,acl8959,1
2273,acl8960,1
2274,acl8961,1
2275,acl8962,1
2276,acl8963,1
2277,acl8964,1
2278,acl8965,1
2279,acl8966,1
2280,acl8967,1
2281,acl8968,1
2282,acl8969,1
2283,acl8970,1
2284,acl8971,0
2285,acl8974,0
2286,acl8975,0
2287,acl8977,1
2288,acl8980,1
2289,acl8981,1
2290,acl8982,1
2291,acl8983,1
2292,acl8984,1
2293,acl8985,1
2294,acl8986,1
2295,acl8988,1
2296,acl8989,1
2297,acl8990,1
2298,acl8991,1
2299,acl8992,1
2300,acl8994,1
2301,acl8998,1
2302,acl8999,1
2303,acl9002,1
2304,acl9004,1
2305,acl9006,1
2306,acl9007,1
2307,acl9009,1
2308,acl9010,1
2309,acl9012,1
2310,acl9013,1
2311,acl9014,1
2312,acl9015,1
2313,acl9016,1
2314,acl9017,1
2315,acl9018,1
2316,acl9019,1
2317,acl9021,1
2318,acl9022,1
2319,acl9023,1
2320,acl9024,1
2321,acl9025,1
2322,acl9026,1
2323,acl9027,1
2324,acl9028,1
2325,acl9029,1
2326,acl9030,1
2327,acl9034,1
2328,acl9036,1
2329,acl9037,1
2330,acl9041,1
2331,acl9045,1
2332,acl9048,1
2333,acl9049,1
2334,acl9052,1
2335,acl9053,1
2336,acl9054,1
2337,acl9055,1
2338,acl9059,1
2339,acl9060,1
2340,acl9061,1
2341,acl9062,1
2342,acl9063,1
2343,acl9064,1
2344,acl9065,1
2345,acl9066,1
2346,acl9067,1
2347,acl9068,1
2348,acl9073,1
2349,acl9074,1
2350,acl9075,1
2351,acl9076,1
2352,acl9077,1
2353,acl9078,1
2354,acl9079,1
2355,acl9080,1
2356,acl9081,1
2357,acl9082,1
2358,acl9083,1
2359,acl9084,1
2360,acl9085,1
2361,acl9088,1
2362,acl9089,1
2363,acl9091,1
2364,acl9092,1
2365,acl9097,1
2366,acl9098,1
2367,acl9099,1
2368,acl9100,1
2369,acl9102,1
2370,acl9104,0
2371,acl9107,0
2372,acl9108,0
2373,acl9109,0
2374,acl9110,0
2375,acl9111,0
2376,acl9112,0
2377,acl9114,0
2378,acl9115,0
2379,acl9116,0
2380,acl9117,0
2381,acl9118,0
2382,acl9119,0
2383,acl9120,0
2384,acl9122,0
2385,acl9123,0
2386,acl9127,1
2387,acl9129,1
2388,acl9130,1
2389,acl9131,1
2390,acl9134,1
2391,acl9136,1
2392,acl9137,1
2393,acl9138,1
2394,acl9141,1
2395,acl9144,1
2396,acl9145,1
2397,acl9146,1
2398,acl9147,1
2399,acl9148,1
2400,acl9150,0
2401,acl9151,0
2402,acl9152,0
2403,acl9155,1
2404,acl9156,1
2405,acl9157,1
2406,acl9158,1
2407,acl9159,1
2408,acl9160,1
2409,acl9162,1
2410,acl9163,1
2411,acl9166,1
2412,acl9167,1
2413,acl9168,1
2414,acl9169,1
2415,acl9170,1
2416,acl9171,1
2417,acl9172,0
2418,acl9173,0
2419,acl9174,0
2420,acl9175,1
2421,acl9176,1
2422,acl9177,1
2423,acl9178,1
2424,acl9179,1
2425,acl9180,1
2426,acl9181,1
2427,acl9182,1
2428,acl9183,1
2429,acl9184,1
2430,acl9187,1
2431,acl9188,1
2432,acl9189,1
2433,acl9194,1
2434,acl9195,0
2435,acl9196,0
2436,acl9197,0
2437,acl9198,0
2438,acl9199,0
2439,acl9200,1
2440,acl9202,1
2441,acl9204,1
2442,acl9206,1
2443,acl9208,1
2444,acl9209,1
2445,acl9210,1
2446,acl9211,1
2447,acl9214,1
2448,acl9216,1
2449,acl9218,1
2450,acl9219,1
2451,acl9222,1
2452,acl9223,1
2453,acl9225,1
2454,acl9227,1
2455,acl9228,0
2456,acl9229,1
2457,acl9230,1
2458,acl9232,1
2459,acl9233,1
2460,acl9235,1
2461,acl9238,1
2462,acl9240,1
2463,acl9241,1
2464,acl9243,1
2465,acl9244,1
2466,acl9245,1
2467,acl9247,1
2468,acl9248,1
2469,acl9250,0
2470,acl9253,0
2471,acl9254,1
2472,acl9255,0
2473,acl9256,1
2474,acl9257,1
2475,acl9258,1
2476,acl9261,1
2477,acl9262,1
2478,acl9264,1
2479,acl9265,1
2480,acl9266,0
2481,acl9271,1
2482,acl9272,1
2483,acl9273,1
2484,acl9274,0
2485,acl9276,0
2486,acl9277,0
2487,acl9278,0
2488,acl9279,0
2489,acl9281,1
2490,acl9282,1
2491,acl9283,1
2492,acl9284,1
2493,acl9285,1
2494,acl9287,1
2495,acl9288,1
2496,acl9289,1
2497,acl9290,1
2498,acl9291,1
2499,acl9292,0
2500,acl9293,1
2501,acl9296,1
2502,acl9297,0
2503,acl9300,0
2504,acl9301,0
2505,acl9302,0
2506,acl9303,0
2507,acl9306,0
2508,acl9308,0
2509,acl9309,1
2510,acl9310,1
2511,acl9311,1
2512,acl9312,1
2513,acl9315,1
2514,acl9317,1
2515,acl9322,1
2516,acl9324,1
2517,acl9325,1
2518,acl9327,1
2519,acl9328,1
2520,acl9330,1
2521,acl9332,1
2522,acl9333,1
2523,acl9334,1
2524,acl9335,1
2525,acl9336,1
2526,acl9338,1
2527,acl9339,1
2528,acl9340,1
2529,acl9342,0
2530,acl9343,0
2531,acl9344,0
2532,acl9346,0
2533,acl9347,0
2534,acl9350,0
2535,acl9351,0
2536,acl9352,0
2537,acl9353,0
2538,acl9354,0
2539,acl9355,0
2540,acl9356,0
2541,acl9357,0
2542,acl9358,0
2543,acl9359,0
2544,acl9360,0
2545,acl9361,0
2546,acl9362,0
2547,acl9364,0
2548,acl9365,0
2549,acl9366,0
2550,acl9367,0
2551,acl9368,0
2552,acl9369,0
2553,acl9370,0
2554,acl9371,0
2555,acl9372,0
2556,acl9373,1
2557,acl9374,1
2558,acl9376,1
2559,acl9377,1
2560,acl9378,1
2561,acl9381,1
2562,acl9383,1
2563,acl9385,0
2564,acl9386,0
2565,acl9387,0
2566,acl9390,0
2567,acl9391,0
2568,acl9392,0
2569,acl9393,0
2570,acl9394,0
2571,acl9396,0
2572,acl9397,0
2573,acl9398,0
2574,acl9399,0
2575,acl9400,0
2576,acl9402,0
2577,acl9403,0
2578,acl9405,0
2579,acl9407,0
2580,acl9408,1
2581,acl9410,1
2582,acl9412,1
2583,acl9413,1
2584,acl9414,1
2585,acl9415,1
2586,acl9417,1
2587,acl9418,1
2588,acl9419,1
2589,acl9421,1
2590,acl9422,1
2591,acl9423,1
2592,acl9424,1
2593,acl9425,1
2594,acl9426,1
2595,acl9428,1
2596,acl9429,1
2597,acl9430,1
2598,acl9431,1
2599,acl9433,1
2600,acl9434,1
2601,acl9435,1
2602,acl9437,1
2603,acl9439,1
2604,acl9441,1
2605,acl9442,1
2606,acl9447,1
2607,acl9448,1
2608,acl9449,1
2609,acl9450,1
2610,acl9452,1
2611,acl9454,1
2612,acl9455,1
2613,acl9456,1
2614,acl9458,1
2615,acl9459,1
2616,acl9461,1
2617,acl9462,1
2618,acl9463,1
2619,acl9464,1
2620,acl9465,1
2621,acl9466,1
2622,acl9467,1
2623,acl9469,1
2624,acl9470,1
2625,acl9471,1
2626,acl9474,1
2627,acl9475,1
2628,acl9477,1
2629,acl9478,1
2630,acl9479,1
2631,acl9481,1
2632,acl9483,1
2633,acl9484,1
2634,acl9485,1
2635,acl9486,1
2636,acl9487,1
2637,acl9488,1
2638,acl9492,1
2639,acl9493,1
2640,acl9494,1
2641,acl9496,1
2642,acl9497,1
2643,acl9498,1
2644,acl9499,1
2645,acl9500,1
2646,acl9501,1
2647,acl9503,0
2648,acl9505,0
2649,acl9506,0
2650,acl9508,0
2651,acl9509,0
2652,acl9510,0
2653,acl9512,0
2654,acl9513,0
2655,acl9514,0
2656,acl9515,0
2657,acl9516,0
2658,acl9517,0
2659,acl9518,0
2660,acl9519,0
2661,acl9520,0
2662,acl9521,0
2663,acl9522,0
2664,acl9523,0
2665,acl9524,0
2666,acl9526,0
2667,acl9527,0
2668,acl9528,0
2669,acl9529,0
2670,acl9530,0
2671,acl9531,0
2672,acl9532,0
2673,acl9533,0
2674,acl9534,0
2675,acl9535,0
2676,acl9537,0
2677,acl9538,0
2678,acl9540,0
2679,acl9541,0
2680,acl9542,0
2681,acl9543,0
2682,acl9545,0
2683,acl9547,0
2684,acl9548,0
2685,acl9551,0
2686,acl9552,0
2687,acl9553,0
2688,acl9554,0
2689,acl9555,0
2690,acl9556,0
2691,acl9558,0
2692,acl9559,0
2693,acl9562,0
2694,acl9564,1
2695,acl9566,1
2696,acl9568,1
2697,acl9570,1
2698,acl9571,1
2699,acl9572,1
2700,acl9573,1
2701,acl9574,1
2702,acl9575,1
2703,acl9578,0
2704,acl9579,1
2705,acl9581,1
2706,acl9584,0
2707,acl9585,0
2708,acl9586,0
2709,acl9587,0
2710,acl9589,1
2711,acl9591,1
2712,acl9592,1
2713,acl9593,1
2714,acl9594,1
2715,acl9595,1
2716,acl9596,1
2717,acl9597,1
2718,acl9598,1
2719,acl9599,1
2720,acl9600,0
2721,acl9601,0
2722,acl9603,0
2723,acl9604,1
2724,acl9605,1
2725,acl9607,1
2726,acl9608,1
2727,acl9609,0
2728,acl9610,0
2729,acl9611,0
2730,acl9612,0
2731,acl9613,1
2732,acl9614,1
2733,acl9615,1
2734,acl9617,0
2735,acl9618,0
2736,acl9622,1
2737,acl9623,1
2738,acl9624,1
2739,acl9626,0
2740,acl9628,1
2741,acl9629,0
2742,acl9630,1
2743,acl9631,0
2744,acl9632,0
2745,acl9633,0
2746,acl9636,1
2747,acl9638,1
2748,acl9639,1
2749,acl9640,0
2750,acl9641,0
2751,acl9642,0
2752,acl9643,0
2753,acl9644,1
2754,acl9645,0
2755,acl9646,0
2756,acl9647,1
2757,acl9649,1
2758,acl9650,1
2759,acl9651,1
2760,acl9653,1
2761,acl9654,1
2762,acl9656,0
2763,acl9658,0
2764,acl9659,1
2765,acl9660,1
2766,acl9661,0
2767,acl9663,0
2768,acl9665,1
2769,acl9666,1
2770,acl9667,0
2771,acl9668,1
2772,acl9672,1
2773,acl9673,1
2774,acl9676,1
2775,acl9677,1
2776,acl9679,1
2777,acl9681,1
2778,acl9682,1
2779,acl9686,0
2780,acl9687,0
2781,acl9688,1
2782,acl9689,1
2783,acl9690,1
2784,acl9693,1
2785,acl9696,1
2786,acl9699,0
2787,acl9700,1
2788,acl9702,0
2789,acl9704,1
2790,acl9705,0
2791,acl9706,1
2792,acl9708,1
2793,acl9709,1
2794,acl9710,1
2795,acl9711,1
2796,acl9713,0
2797,acl9714,1
2798,acl9715,1
2799,acl9716,1
2800,acl9717,1
2801,acl9718,1
2802,acl9722,1
2803,acl9723,1
2804,acl9724,1
2805,acl9726,1
2806,acl9727,1
2807,acl9728,1
2808,acl9729,0
2809,acl9730,0
2810,acl9731,1
2811,acl9732,1
2812,acl9733,1
2813,acl9734,0
2814,acl9735,1
2815,acl9737,1
2816,acl9739,1
2817,acl9740,1
2818,acl9742,1
2819,acl9743,0
2820,acl9745,0
2821,acl9746,1
2822,acl9747,1
2823,acl9748,1
2824,acl9749,1
2825,acl9750,1
2826,acl9752,0
2827,acl9753,1
2828,acl9754,0
2829,acl9755,0
2830,acl9757,1
2831,acl9758,1
2832,acl9759,0
2833,acl9760,1
2834,acl9761,0
2835,acl9762,1
2836,acl9763,1
2837,acl9767,1
2838,acl9768,0
2839,acl9769,1
2840,acl9771,0
2841,acl9773,1
2842,acl9775,0
2843,acl9776,1
2844,acl9778,1
2845,acl9779,0
2846,acl9780,1
2847,acl9781,1
2848,acl9782,1
2849,acl9783,0
2850,acl9784,0
2851,acl9785,0
2852,acl9786,0
2853,acl9787,1
2854,acl9788,0
2855,acl9789,0
2856,acl9791,1
2857,acl9792,1
2858,acl9793,1
2859,acl9796,1
2860,acl9798,1
2861,acl9799,1
2862,acl9803,0
2863,acl9805,1
2864,acl9806,1
2865,acl9808,0
2866,acl9809,1
2867,acl9810,0
2868,acl9813,1
2869,acl9814,1
2870,acl9815,1
2871,acl9816,1
2872,acl9817,0
2873,acl9818,1
2874,acl9820,1
2875,acl9821,1
2876,acl9822,1
2877,acl9825,0
2878,acl9829,1
2879,acl9830,1
2880,acl9832,0
2881,acl9833,1
2882,acl9834,0
2883,acl9835,0
2884,acl9836,1
2885,acl9837,1
2886,acl9838,1
2887,acl9839,0
2888,acl9840,0
2889,acl9842,0
2890,acl9843,0
2891,acl9844,1
2892,acl9845,0
2893,acl9847,1
2894,acl9848,0
2895,acl9849,0
2896,acl9851,1
2897,acl9852,0
2898,acl9853,0
2899,acl9854,0
2900,acl9855,0
2901,acl9856,0
2902,acl9857,1
2903,acl9858,0
2904,acl9860,1
2905,acl9862,1
2906,acl9864,0
2907,acl9865,1
2908,acl9866,1
2909,acl9869,1
2910,acl9871,1
2911,acl9872,1
2912,acl9873,1
2913,acl9874,1
2914,acl9875,0
2915,acl9876,0
2916,acl9877,1
2917,acl9879,0
2918,acl9880,1
2919,acl9881,1
2920,acl9882,0
2921,acl9883,1
2922,acl9884,0
2923,acl9886,0
2924,acl9887,1
2925,acl9888,0
2926,acl9889,1
2927,acl9890,1
2928,acl9891,1
2929,acl9892,0
2930,acl9894,1
2931,acl9895,1
2932,acl9902,0
2933,acl9904,0
2934,acl9908,1
2935,acl9909,0
2936,acl9910,0
2937,acl9912,1
2938,acl9913,0
2939,acl9914,1
2940,acl9917,1
2941,acl9920,0
2942,acl9921,0
2943,acl9923,1
2944,acl9925,0
2945,acl9927,0
2946,acl9928,0
2947,acl9930,0
2948,acl9932,1
2949,acl9933,0
2950,acl9934,0
2951,acl9935,0
2952,acl9939,0
2953,acl9940,1
2954,acl9941,1
2955,acl9942,1
2956,acl9943,0
2957,acl9944,0
2958,acl9945,1
2959,acl9946,0
2960,acl9947,1
2961,acl9949,1
2962,acl9950,1
2963,acl9951,1
2964,acl9952,1
2965,acl9953,1
2966,acl9958,0
2967,acl9959,1
2968,acl9961,1
2969,acl9962,1
2970,acl9963,1
2971,acl9964,1
2972,acl9965,0
2973,acl9968,1
2974,acl9969,0
2975,acl9970,0
2976,acl9972,0
2977,acl9973,1
2978,acl9974,1
2979,acl9975,0
2980,acl9976,0
2981,acl9977,1
2982,acl9978,0
2983,acl9979,1
2984,acl9980,0
2985,acl9981,1
2986,acl9982,1
2987,acl9983,1
2988,acl9984,0
2989,acl9986,1
2990,acl9988,0
2991,acl9989,0
2992,acl9990,1
2993,acl9991,1
2994,acl9992,0
2995,acl9994,1
2996,acl9995,0
2997,acl9996,0
2998,acl9997,0
2999,acl9998,1
